,#Variant,GROUP,PATHOGENICITY
0,Chr1(GRCh37):g.1167764C>A,DDD,BENIGN
1,Chr1(GRCh37):g.1447798C>G,ACMG,PATHOGENIC
2,Chr1(GRCh37):g.1454364C>T,ACMG,PATHOGENIC
3,Chr1(GRCh37):g.6488328C>T,DDD,BENIGN
4,Chr1(GRCh37):g.7724372A>G,DDD,BENIGN
5,Chr1(GRCh37):g.7797375C>T,DDD,PATHOGENIC
6,Chr1(GRCh37):g.8418780T>C,DDD,BENIGN
7,Chr1(GRCh37):g.17322634C>T,DDD,BENIGN
8,Chr1(GRCh37):g.17331930C>T,DDD,BENIGN
9,Chr1(GRCh37):g.17349180G>A,ACMG,PATHOGENIC
10,Chr1(GRCh37):g.17354297A>G,ACMG,BENIGN
11,Chr1(GRCh37):g.19566436A>C,DDD,BENIGN
12,Chr1(GRCh37):g.22176643G>A,DDD,BENIGN
13,Chr1(GRCh37):g.22191529C>T,Amish,BENIGN
14,Chr1(GRCh37):g.22446586C>A,DDD,BENIGN
15,Chr1(GRCh37):g.22456192T>A,DDD,BENIGN
16,Chr1(GRCh37):g.27087348A>C,DDD,BENIGN
17,Chr1(GRCh37):g.27087452C>T,DDD,BENIGN
18,Chr1(GRCh37):g.27089742G>A,DDD,BENIGN
19,Chr1(GRCh37):g.27094442C>A,DDD,PATHOGENIC
20,Chr1(GRCh37):g.27094477G>T,DDD,PATHOGENIC
21,Chr1(GRCh37):g.27094490G>C,DDD,PATHOGENIC
22,Chr1(GRCh37):g.27105521G>C,DDD,BENIGN
23,Chr1(GRCh37):g.33478888C>T,Amish,BENIGN
24,Chr1(GRCh37):g.35250514T>G,DDD,BENIGN
25,Chr1(GRCh37):g.38003443T>C,Amish,BENIGN
26,Chr1(GRCh37):g.40767005C>T,DDD,BENIGN
27,Chr1(GRCh37):g.40769511C>T,DDD,BENIGN
28,Chr1(GRCh37):g.43395280A>G,DDD,PATHOGENIC
29,Chr1(GRCh37):g.43396766C>G,DDD,PATHOGENIC
30,Chr1(GRCh37):g.43408904G>A,DDD,PATHOGENIC
31,Chr1(GRCh37):g.44365250G>A,DDD,PATHOGENIC
32,Chr1(GRCh37):g.46657819C>T,ACMG,PATHOGENIC
33,Chr1(GRCh37):g.47882750G>A,DDD,BENIGN
34,Chr1(GRCh37):g.52863470C>A,DDD,PATHOGENIC
35,Chr1(GRCh37):g.64102058C>T,DDD,BENIGN
36,Chr1(GRCh37):g.65851423G>A,Amish,BENIGN
37,Chr1(GRCh37):g.67516182G>A,ACMG,PATHOGENIC
38,Chr1(GRCh37):g.95492779C>T,ACMG,PATHOGENIC
39,Chr1(GRCh37):g.103356035T>C,DDD,BENIGN
40,Chr1(GRCh37):g.103363715C>T,DDD,BENIGN
41,Chr1(GRCh37):g.103427786A>T,DDD,PATHOGENIC
42,Chr1(GRCh37):g.103461556G>A,DDD,BENIGN
43,Chr1(GRCh37):g.103480144A>G,DDD,BENIGN
44,Chr1(GRCh37):g.110125116T>A,DDD,BENIGN
45,Chr1(GRCh37):g.110173375T>C,ACMG,PATHOGENIC
46,Chr1(GRCh37):g.110709726G>A,Amish,BENIGN
47,Chr1(GRCh37):g.115258748C>G,DDD,PATHOGENIC
48,Chr1(GRCh37):g.120458270G>C,ACMG,BENIGN
49,Chr1(GRCh37):g.120458716A>C,DDD,BENIGN
50,Chr1(GRCh37):g.120462884A>G,DDD,BENIGN
51,Chr1(GRCh37):g.120462972G>A,DDD,BENIGN
52,Chr1(GRCh37):g.120512166G>A,DDD,BENIGN
53,Chr1(GRCh37):g.147380219G>C,DDD,PATHOGENIC
54,Chr1(GRCh37):g.147380372T>G,DDD,PATHOGENIC
55,Chr1(GRCh37):g.149897738C>A,DDD,BENIGN
56,Chr1(GRCh37):g.149897886G>A,DDD,BENIGN
57,Chr1(GRCh37):g.154557440T>C,DDD,BENIGN
58,Chr1(GRCh37):g.154560703C>T,DDD,BENIGN
59,Chr1(GRCh37):g.154569299C>T,DDD,BENIGN
60,Chr1(GRCh37):g.154570340C>T,DDD,BENIGN
61,Chr1(GRCh37):g.154574446G>T,DDD,BENIGN
62,Chr1(GRCh37):g.154574589A>G,DDD,BENIGN
63,Chr1(GRCh37):g.155874530C>T,DDD,PATHOGENIC
64,Chr1(GRCh37):g.156084974C>T,ACMG,PATHOGENIC
65,Chr1(GRCh37):g.156105704G>A,ACMG,PATHOGENIC
66,Chr1(GRCh37):g.156105801G>A,ACMG,PATHOGENIC
67,Chr1(GRCh37):g.161298256C>T,ACMG,PATHOGENIC
68,Chr1(GRCh37):g.168262475G>A,ACMG,PATHOGENIC
69,Chr1(GRCh37):g.169437449A>G,ACMG,PATHOGENIC
70,Chr1(GRCh37):g.169437891G>C,ACMG,PATHOGENIC
71,Chr1(GRCh37):g.180217458G>A,DDD,BENIGN
72,Chr1(GRCh37):g.196434492C>G,ACMG,PATHOGENIC
73,Chr1(GRCh37):g.197073447C>A,DDD,BENIGN
74,Chr1(GRCh37):g.210977491T>C,DDD,PATHOGENIC
75,Chr1(GRCh37):g.211093309G>C,DDD,PATHOGENIC
76,Chr1(GRCh37):g.211093374C>T,DDD,PATHOGENIC
77,Chr1(GRCh37):g.214820558C>A,Amish,BENIGN
78,Chr1(GRCh37):g.218609453G>A,DDD,PATHOGENIC
79,Chr1(GRCh37):g.220364620C>T,DDD,PATHOGENIC
80,Chr1(GRCh37):g.220375711C>G,DDD,PATHOGENIC
81,Chr1(GRCh37):g.235866186C>T,DDD,BENIGN
82,Chr1(GRCh37):g.235920658C>T,DDD,BENIGN
83,Chr1(GRCh37):g.236966848G>A,DDD,BENIGN
84,Chr1(GRCh37):g.243668598G>A,DDD,PATHOGENIC
85,Chr1(GRCh37):g.244218467G>A,DDD,PATHOGENIC
86,Chr1(GRCh37):g.245027192C>T,DDD,BENIGN
87,Chr2(GRCh37):g.1652660G>C,Amish,BENIGN
88,Chr2(GRCh37):g.1915795C>T,ACMG,PATHOGENIC
89,Chr2(GRCh37):g.5833005G>T,DDD,PATHOGENIC
90,Chr2(GRCh37):g.5833178C>T,ACMG,PATHOGENIC
91,Chr2(GRCh37):g.16085972G>A,DDD,PATHOGENIC
92,Chr2(GRCh37):g.16086005G>T,DDD,PATHOGENIC
93,Chr2(GRCh37):g.20212373G>A,DDD,BENIGN
94,Chr2(GRCh37):g.25470582C>T,DDD,PATHOGENIC
95,Chr2(GRCh37):g.26705283C>T,Amish,BENIGN
96,Chr2(GRCh37):g.27667370A>G,DDD,PATHOGENIC
97,Chr2(GRCh37):g.39237753T>C,DDD,BENIGN
98,Chr2(GRCh37):g.39239458G>C,DDD,PATHOGENIC
99,Chr2(GRCh37):g.39249913C>A,DDD,PATHOGENIC
100,Chr2(GRCh37):g.39250259A>G,DDD,PATHOGENIC
101,Chr2(GRCh37):g.39251197C>A,DDD,BENIGN
102,Chr2(GRCh37):g.39283845T>C,DDD,PATHOGENIC
103,Chr2(GRCh37):g.45170000T>A,DDD,PATHOGENIC
104,Chr2(GRCh37):g.47300953T>C,ACMG,PATHOGENIC
105,Chr2(GRCh37):g.50724636T>G,DDD,BENIGN
106,Chr2(GRCh37):g.50733693G>A,DDD,BENIGN
107,Chr2(GRCh37):g.55874556C>G,DDD,PATHOGENIC
108,Chr2(GRCh37):g.60773293G>T,DDD,PATHOGENIC
109,Chr2(GRCh37):g.60773348C>A,DDD,PATHOGENIC
110,Chr2(GRCh37):g.60773352T>G,DDD,PATHOGENIC
111,Chr2(GRCh37):g.74140753G>T,ACMG,PATHOGENIC
112,Chr2(GRCh37):g.86073646C>T,DDD,PATHOGENIC
113,Chr2(GRCh37):g.88870397C>G,ACMG,PATHOGENIC
114,Chr2(GRCh37):g.88876193C>T,ACMG,PATHOGENIC
115,Chr2(GRCh37):g.113984789T>C,DDD,BENIGN
116,Chr2(GRCh37):g.113999587T>C,DDD,BENIGN
117,Chr2(GRCh37):g.114000347C>T,DDD,PATHOGENIC
118,Chr2(GRCh37):g.121708956G>A,DDD,BENIGN
119,Chr2(GRCh37):g.121740302G>A,ACMG,PATHOGENIC
120,Chr2(GRCh37):g.121746008C>A,DDD,BENIGN
121,Chr2(GRCh37):g.136575350T>C,Amish,BENIGN
122,Chr2(GRCh37):g.136575351G>T,Amish,BENIGN
123,Chr2(GRCh37):g.136664912G>C,DDD,BENIGN
124,Chr2(GRCh37):g.136690381C>T,DDD,BENIGN
125,Chr2(GRCh37):g.145147451G>A,DDD,PATHOGENIC
126,Chr2(GRCh37):g.145147463G>A,DDD,PATHOGENIC
127,Chr2(GRCh37):g.145147475C>G,DDD,PATHOGENIC
128,Chr2(GRCh37):g.145153999C>T,DDD,PATHOGENIC
129,Chr2(GRCh37):g.145158777C>T,DDD,BENIGN
130,Chr2(GRCh37):g.163124003A>G,DDD,BENIGN
131,Chr2(GRCh37):g.163174574C>T,DDD,BENIGN
132,Chr2(GRCh37):g.165986748A>G,DDD,PATHOGENIC
133,Chr2(GRCh37):g.166165214T>G,DDD,PATHOGENIC
134,Chr2(GRCh37):g.166210714T>C,DDD,PATHOGENIC
135,Chr2(GRCh37):g.166243484T>A,DDD,PATHOGENIC
136,Chr2(GRCh37):g.166245300A>G,ACMG,PATHOGENIC
137,Chr2(GRCh37):g.166245954G>A,DDD,PATHOGENIC
138,Chr2(GRCh37):g.166848020A>C,DDD,PATHOGENIC
139,Chr2(GRCh37):g.166850880A>G,DDD,BENIGN
140,Chr2(GRCh37):g.166859232G>A,DDD,PATHOGENIC
141,Chr2(GRCh37):g.166894552T>A,DDD,PATHOGENIC
142,Chr2(GRCh37):g.166904161G>T,DDD,PATHOGENIC
143,Chr2(GRCh37):g.166908329C>A,DDD,PATHOGENIC
144,Chr2(GRCh37):g.166909379G>A,DDD,PATHOGENIC
145,Chr2(GRCh37):g.170068598C>T,DDD,PATHOGENIC
146,Chr2(GRCh37):g.170103472G>A,DDD,PATHOGENIC
147,Chr2(GRCh37):g.176959346G>A,DDD,BENIGN
148,Chr2(GRCh37):g.189872254G>A,ACMG,PATHOGENIC
149,Chr2(GRCh37):g.189873933C>G,DDD,BENIGN
150,Chr2(GRCh37):g.200137328G>A,DDD,PATHOGENIC
151,Chr2(GRCh37):g.200173527C>T,DDD,PATHOGENIC
152,Chr2(GRCh37):g.200173556T>G,DDD,PATHOGENIC
153,Chr2(GRCh37):g.200173680C>T,DDD,PATHOGENIC
154,Chr2(GRCh37):g.200193603C>T,DDD,PATHOGENIC
155,Chr2(GRCh37):g.200193611C>T,DDD,PATHOGENIC
156,Chr2(GRCh37):g.200193626A>G,DDD,PATHOGENIC
157,Chr2(GRCh37):g.200213431C>A,DDD,PATHOGENIC
158,Chr2(GRCh37):g.200213440G>A,DDD,PATHOGENIC
159,Chr2(GRCh37):g.206988991C>T,ACMG,PATHOGENIC
160,Chr2(GRCh37):g.208993055G>A,DDD,BENIGN
161,Chr2(GRCh37):g.211507250G>A,DDD,PATHOGENIC
162,Chr2(GRCh37):g.216289934G>A,DDD,BENIGN
163,Chr2(GRCh37):g.216296633G>A,DDD,BENIGN
164,Chr2(GRCh37):g.216298095A>G,DDD,PATHOGENIC
165,Chr2(GRCh37):g.216299436C>T,DDD,PATHOGENIC
166,Chr2(GRCh37):g.219920267G>T,DDD,BENIGN
167,Chr2(GRCh37):g.220431609C>G,DDD,PATHOGENIC
168,Chr2(GRCh37):g.220432614C>T,DDD,BENIGN
169,Chr2(GRCh37):g.220432804G>A,DDD,PATHOGENIC
170,Chr2(GRCh37):g.223086091G>A,DDD,PATHOGENIC
171,Chr2(GRCh37):g.223161776C>G,DDD,PATHOGENIC
172,Chr2(GRCh37):g.228104887G>A,DDD,BENIGN
173,Chr2(GRCh37):g.228110697G>A,DDD,PATHOGENIC
174,Chr2(GRCh37):g.228149003T>A,DDD,BENIGN
175,Chr2(GRCh37):g.233350870A>G,ACMG,PATHOGENIC
176,Chr2(GRCh37):g.238244924G>A,DDD,BENIGN
177,Chr2(GRCh37):g.238287828C>T,DDD,BENIGN
178,Chr2(GRCh37):g.238296390C>T,DDD,BENIGN
179,Chr2(GRCh37):g.239757283T>A,DDD,BENIGN
180,Chr2(GRCh37):g.239975207G>T,DDD,PATHOGENIC
181,Chr2(GRCh37):g.240003811C>T,DDD,BENIGN
182,Chr2(GRCh37):g.240033282C>T,DDD,BENIGN
183,Chr2(GRCh37):g.240036937G>A,DDD,PATHOGENIC
184,Chr2(GRCh37):g.240066404T>C,DDD,PATHOGENIC
185,Chr2(GRCh37):g.241682369C>A,DDD,BENIGN
186,Chr2(GRCh37):g.241712671T>C,DDD,PATHOGENIC
187,Chr2(GRCh37):g.241715306C>G,DDD,PATHOGENIC
188,Chr2(GRCh37):g.241715309T>C,ACMG,PATHOGENIC
189,Chr2(GRCh37):g.241715312G>A,DDD,PATHOGENIC
190,Chr2(GRCh37):g.241722511T>C,ACMG,PATHOGENIC
191,Chr2(GRCh37):g.241723194G>A,DDD,PATHOGENIC
192,Chr2(GRCh37):g.241723194G>A,ACMG,PATHOGENIC
193,Chr2(GRCh37):g.241724479C>T,DDD,PATHOGENIC
194,Chr2(GRCh37):g.241724480G>A,DDD,PATHOGENIC
195,Chr2(GRCh37):g.241727535G>A,DDD,PATHOGENIC
196,Chr2(GRCh37):g.241737138C>T,DDD,PATHOGENIC
197,Chr3(GRCh37):g.4685875A>T,DDD,BENIGN
198,Chr3(GRCh37):g.4687356A>G,DDD,PATHOGENIC
199,Chr3(GRCh37):g.4687362C>T,DDD,PATHOGENIC
200,Chr3(GRCh37):g.4706967A>G,DDD,PATHOGENIC
201,Chr3(GRCh37):g.4709160C>T,DDD,PATHOGENIC
202,Chr3(GRCh37):g.4712517G>C,Amish,BENIGN
203,Chr3(GRCh37):g.4718311G>A,DDD,BENIGN
204,Chr3(GRCh37):g.4735387A>G,DDD,BENIGN
205,Chr3(GRCh37):g.4744601G>A,DDD,BENIGN
206,Chr3(GRCh37):g.4747877G>A,DDD,PATHOGENIC
207,Chr3(GRCh37):g.4753512T>C,DDD,PATHOGENIC
208,Chr3(GRCh37):g.4842199T>C,DDD,BENIGN
209,Chr3(GRCh37):g.4856181G>A,DDD,PATHOGENIC
210,Chr3(GRCh37):g.4856205G>A,DDD,PATHOGENIC
211,Chr3(GRCh37):g.4856205G>C,DDD,PATHOGENIC
212,Chr3(GRCh37):g.4856807A>C,DDD,PATHOGENIC
213,Chr3(GRCh37):g.10130580A>G,DDD,BENIGN
214,Chr3(GRCh37):g.10183771T>G,ACMG,PATHOGENIC
215,Chr3(GRCh37):g.10191489G>A,ACMG,PATHOGENIC
216,Chr3(GRCh37):g.10191569C>G,ACMG,PATHOGENIC
217,Chr3(GRCh37):g.11067522G>A,DDD,PATHOGENIC
218,Chr3(GRCh37):g.12458335G>A,ACMG,PATHOGENIC
219,Chr3(GRCh37):g.15529792T>C,Amish,BENIGN
220,Chr3(GRCh37):g.25622103A>C,ACMG,PATHOGENIC
221,Chr3(GRCh37):g.46939899C>T,DDD,BENIGN
222,Chr3(GRCh37):g.46942565G>A,DDD,BENIGN
223,Chr3(GRCh37):g.47161876C>A,Amish,BENIGN
224,Chr3(GRCh37):g.52183311C>A,DDD,PATHOGENIC
225,Chr3(GRCh37):g.53531364C>T,DDD,BENIGN
226,Chr3(GRCh37):g.53700513C>G,DDD,BENIGN
227,Chr3(GRCh37):g.55504271C>T,DDD,BENIGN
228,Chr3(GRCh37):g.55508583C>G,DDD,BENIGN
229,Chr3(GRCh37):g.58089793G>A,DDD,BENIGN
230,Chr3(GRCh37):g.58094981G>A,DDD,BENIGN
231,Chr3(GRCh37):g.58118535G>T,DDD,PATHOGENIC
232,Chr3(GRCh37):g.69788770G>A,DDD,BENIGN
233,Chr3(GRCh37):g.69998235G>A,DDD,BENIGN
234,Chr3(GRCh37):g.70014139G>C,DDD,BENIGN
235,Chr3(GRCh37):g.71021763G>T,DDD,PATHOGENIC
236,Chr3(GRCh37):g.71021817C>T,DDD,PATHOGENIC
237,Chr3(GRCh37):g.71026125A>T,DDD,PATHOGENIC
238,Chr3(GRCh37):g.71026816G>A,DDD,PATHOGENIC
239,Chr3(GRCh37):g.71026825G>A,DDD,PATHOGENIC
240,Chr3(GRCh37):g.119087277A>C,DDD,BENIGN
241,Chr3(GRCh37):g.119134826C>G,DDD,BENIGN
242,Chr3(GRCh37):g.121976155C>T,ACMG,PATHOGENIC
243,Chr3(GRCh37):g.121976230C>G,ACMG,PATHOGENIC
244,Chr3(GRCh37):g.121980436G>T,ACMG,PATHOGENIC
245,Chr3(GRCh37):g.121980459C>A,ACMG,PATHOGENIC
246,Chr3(GRCh37):g.121980562G>A,ACMG,PATHOGENIC
247,Chr3(GRCh37):g.121980630G>A,ACMG,BENIGN
248,Chr3(GRCh37):g.121980772A>C,ACMG,PATHOGENIC
249,Chr3(GRCh37):g.121981065T>C,ACMG,PATHOGENIC
250,Chr3(GRCh37):g.121981170G>A,ACMG,PATHOGENIC
251,Chr3(GRCh37):g.121981257C>A,ACMG,PATHOGENIC
252,Chr3(GRCh37):g.121994674C>T,ACMG,PATHOGENIC
253,Chr3(GRCh37):g.122000982G>A,ACMG,BENIGN
254,Chr3(GRCh37):g.122001015T>C,ACMG,PATHOGENIC
255,Chr3(GRCh37):g.122001044T>C,ACMG,PATHOGENIC
256,Chr3(GRCh37):g.122002720C>T,ACMG,PATHOGENIC
257,Chr3(GRCh37):g.122002866G>A,ACMG,PATHOGENIC
258,Chr3(GRCh37):g.122003044C>G,ACMG,PATHOGENIC
259,Chr3(GRCh37):g.122003194C>T,ACMG,PATHOGENIC
260,Chr3(GRCh37):g.122003226T>A,ACMG,PATHOGENIC
261,Chr3(GRCh37):g.122003226T>G,ACMG,PATHOGENIC
262,Chr3(GRCh37):g.122003268C>G,ACMG,PATHOGENIC
263,Chr3(GRCh37):g.122003457C>G,ACMG,PATHOGENIC
264,Chr3(GRCh37):g.128200067C>T,DDD,BENIGN
265,Chr3(GRCh37):g.132395321A>G,ACMG,PATHOGENIC
266,Chr3(GRCh37):g.132401603G>C,DDD,BENIGN
267,Chr3(GRCh37):g.132401637A>G,DDD,BENIGN
268,Chr3(GRCh37):g.133119346T>C,DDD,BENIGN
269,Chr3(GRCh37):g.138665197C>A,DDD,BENIGN
270,Chr3(GRCh37):g.138665300G>A,DDD,PATHOGENIC
271,Chr3(GRCh37):g.170732309C>T,ACMG,PATHOGENIC
272,Chr3(GRCh37):g.176750853T>C,DDD,PATHOGENIC
273,Chr3(GRCh37):g.176755900C>A,DDD,PATHOGENIC
274,Chr3(GRCh37):g.178916636G>A,DDD,PATHOGENIC
275,Chr3(GRCh37):g.178921548G>A,DDD,PATHOGENIC
276,Chr3(GRCh37):g.178922321G>A,ACMG,PATHOGENIC
277,Chr3(GRCh37):g.178936082G>A,DDD,PATHOGENIC
278,Chr3(GRCh37):g.178937404G>T,DDD,PATHOGENIC
279,Chr3(GRCh37):g.178952048G>A,DDD,PATHOGENIC
280,Chr3(GRCh37):g.181430372T>C,DDD,PATHOGENIC
281,Chr3(GRCh37):g.181430404G>C,DDD,BENIGN
282,Chr3(GRCh37):g.183963079C>T,ACMG,PATHOGENIC
283,Chr3(GRCh37):g.189582169G>A,ACMG,PATHOGENIC
284,Chr3(GRCh37):g.189585690C>G,ACMG,PATHOGENIC
285,Chr3(GRCh37):g.189586416G>T,DDD,PATHOGENIC
286,Chr3(GRCh37):g.189586422G>A,DDD,PATHOGENIC
287,Chr4(GRCh37):g.1806119G>A,DDD,PATHOGENIC
288,Chr4(GRCh37):g.1807371C>A,DDD,PATHOGENIC
289,Chr4(GRCh37):g.1807371C>G,DDD,PATHOGENIC
290,Chr4(GRCh37):g.6303363C>G,ACMG,BENIGN
291,Chr4(GRCh37):g.6303693C>T,ACMG,PATHOGENIC
292,Chr4(GRCh37):g.26426358C>G,DDD,BENIGN
293,Chr4(GRCh37):g.55155265C>T,ACMG,PATHOGENIC
294,Chr4(GRCh37):g.79295312C>T,DDD,PATHOGENIC
295,Chr4(GRCh37):g.88535225T>C,DDD,BENIGN
296,Chr4(GRCh37):g.88535848C>A,DDD,BENIGN
297,Chr4(GRCh37):g.111542367G>C,DDD,BENIGN
298,Chr4(GRCh37):g.113568536G>T,DDD,PATHOGENIC
299,Chr4(GRCh37):g.122765152T>C,DDD,PATHOGENIC
300,Chr4(GRCh37):g.126240408A>G,DDD,PATHOGENIC
301,Chr4(GRCh37):g.126373642G>A,DDD,PATHOGENIC
302,Chr4(GRCh37):g.148461613C>A,DDD,BENIGN
303,Chr5(GRCh37):g.233619C>T,ACMG,PATHOGENIC
304,Chr5(GRCh37):g.233651A>C,ACMG,BENIGN
305,Chr5(GRCh37):g.14397221C>A,DDD,PATHOGENIC
306,Chr5(GRCh37):g.14397222C>T,DDD,PATHOGENIC
307,Chr5(GRCh37):g.14758686T>C,DDD,BENIGN
308,Chr5(GRCh37):g.14769290C>T,DDD,BENIGN
309,Chr5(GRCh37):g.36986082C>T,DDD,BENIGN
310,Chr5(GRCh37):g.37022374G>A,DDD,PATHOGENIC
311,Chr5(GRCh37):g.37024793G>A,DDD,PATHOGENIC
312,Chr5(GRCh37):g.37038824T>C,DDD,PATHOGENIC
313,Chr5(GRCh37):g.37045678A>C,DDD,BENIGN
314,Chr5(GRCh37):g.37048661A>C,DDD,BENIGN
315,Chr5(GRCh37):g.37051908A>G,DDD,BENIGN
316,Chr5(GRCh37):g.45462046T>G,DDD,PATHOGENIC
317,Chr5(GRCh37):g.56111875C>G,DDD,BENIGN
318,Chr5(GRCh37):g.56178082C>T,DDD,BENIGN
319,Chr5(GRCh37):g.58272245T>C,ACMG,PATHOGENIC
320,Chr5(GRCh37):g.58289228A>G,DDD,PATHOGENIC
321,Chr5(GRCh37):g.58489339G>A,DDD,PATHOGENIC
322,Chr5(GRCh37):g.60831325G>T,DDD,BENIGN
323,Chr5(GRCh37):g.67569242A>G,DDD,BENIGN
324,Chr5(GRCh37):g.74698873T>G,DDD,BENIGN
325,Chr5(GRCh37):g.74722257G>A,DDD,PATHOGENIC
326,Chr5(GRCh37):g.76349847G>A,Amish,BENIGN
327,Chr5(GRCh37):g.86564680C>T,DDD,BENIGN
328,Chr5(GRCh37):g.86675610T>C,DDD,BENIGN
329,Chr5(GRCh37):g.88100565G>C,DDD,PATHOGENIC
330,Chr5(GRCh37):g.88100576A>C,DDD,PATHOGENIC
331,Chr5(GRCh37):g.88119562C>G,DDD,PATHOGENIC
332,Chr5(GRCh37):g.90077350G>A,Amish,BENIGN
333,Chr5(GRCh37):g.92921087T>G,DDD,PATHOGENIC
334,Chr5(GRCh37):g.110096971G>A,ACMG,PATHOGENIC
335,Chr5(GRCh37):g.118844890T>C,DDD,PATHOGENIC
336,Chr5(GRCh37):g.125885933C>A,ACMG,PATHOGENIC
337,Chr5(GRCh37):g.126667100T>G,ACMG,PATHOGENIC
338,Chr5(GRCh37):g.127599291A>G,DDD,BENIGN
339,Chr5(GRCh37):g.127609649A>G,DDD,PATHOGENIC
340,Chr5(GRCh37):g.127622492C>A,DDD,BENIGN
341,Chr5(GRCh37):g.127647601T>A,DDD,BENIGN
342,Chr5(GRCh37):g.127668676A>G,ACMG,PATHOGENIC
343,Chr5(GRCh37):g.127873281T>C,DDD,BENIGN
344,Chr5(GRCh37):g.134364488G>A,DDD,BENIGN
345,Chr5(GRCh37):g.136963994C>T,ACMG,PATHOGENIC
346,Chr5(GRCh37):g.136973006C>T,ACMG,PATHOGENIC
347,Chr5(GRCh37):g.139494382A>T,DDD,PATHOGENIC
348,Chr5(GRCh37):g.149503858G>T,DDD,BENIGN
349,Chr5(GRCh37):g.149755291C>G,DDD,BENIGN
350,Chr5(GRCh37):g.149771115G>C,DDD,BENIGN
351,Chr5(GRCh37):g.161318041G>C,DDD,PATHOGENIC
352,Chr5(GRCh37):g.161322692A>C,DDD,PATHOGENIC
353,Chr5(GRCh37):g.161322785G>C,DDD,BENIGN
354,Chr5(GRCh37):g.161322788T>C,DDD,PATHOGENIC
355,Chr5(GRCh37):g.161522557G>A,DDD,PATHOGENIC
356,Chr5(GRCh37):g.161569244C>T,DDD,PATHOGENIC
357,Chr5(GRCh37):g.174151754C>T,DDD,BENIGN
358,Chr5(GRCh37):g.176696607T>G,DDD,PATHOGENIC
359,Chr5(GRCh37):g.176710899G>T,DDD,PATHOGENIC
360,Chr5(GRCh37):g.176715838A>G,DDD,BENIGN
361,Chr5(GRCh37):g.176720974G>A,DDD,PATHOGENIC
362,Chr5(GRCh37):g.177034310C>T,DDD,PATHOGENIC
363,Chr5(GRCh37):g.177035541G>A,DDD,PATHOGENIC
364,Chr5(GRCh37):g.177035995C>T,DDD,PATHOGENIC
365,Chr5(GRCh37):g.180037000C>T,DDD,BENIGN
366,Chr5(GRCh37):g.180038337G>T,DDD,BENIGN
367,Chr5(GRCh37):g.180047659C>T,DDD,BENIGN
368,Chr6(GRCh37):g.1610926C>G,ACMG,PATHOGENIC
369,Chr6(GRCh37):g.1610945A>G,DDD,BENIGN
370,Chr6(GRCh37):g.1611372G>A,DDD,BENIGN
371,Chr6(GRCh37):g.1611696C>T,DDD,BENIGN
372,Chr6(GRCh37):g.1611913C>G,DDD,BENIGN
373,Chr6(GRCh37):g.1612152C>T,DDD,BENIGN
374,Chr6(GRCh37):g.3155143C>T,ACMG,PATHOGENIC
375,Chr6(GRCh37):g.10402841G>A,ACMG,PATHOGENIC
376,Chr6(GRCh37):g.10410379G>C,DDD,BENIGN
377,Chr6(GRCh37):g.30691734A>G,DDD,PATHOGENIC
378,Chr6(GRCh37):g.31933735T>A,ACMG,PATHOGENIC
379,Chr6(GRCh37):g.33132114C>T,DDD,BENIGN
380,Chr6(GRCh37):g.33133527C>T,DDD,BENIGN
381,Chr6(GRCh37):g.33136319G>T,DDD,BENIGN
382,Chr6(GRCh37):g.33136784C>T,DDD,PATHOGENIC
383,Chr6(GRCh37):g.33400558C>T,DDD,PATHOGENIC
384,Chr6(GRCh37):g.33400583G>A,DDD,PATHOGENIC
385,Chr6(GRCh37):g.33406311T>C,DDD,PATHOGENIC
386,Chr6(GRCh37):g.33406340G>C,DDD,PATHOGENIC
387,Chr6(GRCh37):g.33406648T>G,DDD,PATHOGENIC
388,Chr6(GRCh37):g.33406672T>C,DDD,PATHOGENIC
389,Chr6(GRCh37):g.33408534T>G,DDD,PATHOGENIC
390,Chr6(GRCh37):g.42975003G>A,DDD,PATHOGENIC
391,Chr6(GRCh37):g.42975013C>G,DDD,PATHOGENIC
392,Chr6(GRCh37):g.43013025G>A,Amish,BENIGN
393,Chr6(GRCh37):g.45296507A>G,DDD,BENIGN
394,Chr6(GRCh37):g.45399672G>T,DDD,BENIGN
395,Chr6(GRCh37):g.50791201C>A,DDD,BENIGN
396,Chr6(GRCh37):g.50803972T>C,DDD,PATHOGENIC
397,Chr6(GRCh37):g.70962012T>G,DDD,BENIGN
398,Chr6(GRCh37):g.70964891T>C,DDD,BENIGN
399,Chr6(GRCh37):g.71010024C>T,DDD,BENIGN
400,Chr6(GRCh37):g.71010084G>A,DDD,BENIGN
401,Chr6(GRCh37):g.80631459T>C,ACMG,PATHOGENIC
402,Chr6(GRCh37):g.88239290A>T,DDD,PATHOGENIC
403,Chr6(GRCh37):g.116442824A>G,DDD,BENIGN
404,Chr6(GRCh37):g.121768184T>C,DDD,PATHOGENIC
405,Chr6(GRCh37):g.121768247T>A,ACMG,PATHOGENIC
406,Chr6(GRCh37):g.135754284C>T,DDD,PATHOGENIC
407,Chr6(GRCh37):g.152623012C>T,DDD,BENIGN
408,Chr6(GRCh37):g.152698005C>A,DDD,BENIGN
409,Chr6(GRCh37):g.157099922C>T,DDD,BENIGN
410,Chr6(GRCh37):g.157100061G>C,DDD,BENIGN
411,Chr6(GRCh37):g.157431695G>A,DDD,PATHOGENIC
412,Chr6(GRCh37):g.157454286G>T,DDD,BENIGN
413,Chr6(GRCh37):g.157488230A>G,DDD,BENIGN
414,Chr6(GRCh37):g.157527328G>A,DDD,BENIGN
415,Chr6(GRCh37):g.157527680G>A,ACMG,BENIGN
416,Chr6(GRCh37):g.157528178A>C,DDD,PATHOGENIC
417,Chr7(GRCh37):g.5567395T>C,DDD,PATHOGENIC
418,Chr7(GRCh37):g.5567480C>T,ACMG,PATHOGENIC
419,Chr7(GRCh37):g.5568125C>T,DDD,PATHOGENIC
420,Chr7(GRCh37):g.5568164C>A,DDD,PATHOGENIC
421,Chr7(GRCh37):g.5568296G>C,DDD,PATHOGENIC
422,Chr7(GRCh37):g.5569015A>G,DDD,PATHOGENIC
423,Chr7(GRCh37):g.5569241C>T,DDD,BENIGN
424,Chr7(GRCh37):g.21856224G>A,Amish,BENIGN
425,Chr7(GRCh37):g.27238052G>A,DDD,BENIGN
426,Chr7(GRCh37):g.33384197C>T,DDD,BENIGN
427,Chr7(GRCh37):g.33397560C>T,DDD,BENIGN
428,Chr7(GRCh37):g.35242077G>T,DDD,BENIGN
429,Chr7(GRCh37):g.35242137G>A,DDD,BENIGN
430,Chr7(GRCh37):g.35289575G>A,DDD,BENIGN
431,Chr7(GRCh37):g.40039066G>A,DDD,PATHOGENIC
432,Chr7(GRCh37):g.40039073T>G,DDD,PATHOGENIC
433,Chr7(GRCh37):g.42005526A>G,DDD,BENIGN
434,Chr7(GRCh37):g.44184766G>A,ACMG,PATHOGENIC
435,Chr7(GRCh37):g.44184770C>T,ACMG,PATHOGENIC
436,Chr7(GRCh37):g.44184779C>G,ACMG,PATHOGENIC
437,Chr7(GRCh37):g.44184833A>C,ACMG,PATHOGENIC
438,Chr7(GRCh37):g.44185127C>T,ACMG,PATHOGENIC
439,Chr7(GRCh37):g.44185159C>A,ACMG,PATHOGENIC
440,Chr7(GRCh37):g.44185171A>G,ACMG,PATHOGENIC
441,Chr7(GRCh37):g.44185175G>A,ACMG,PATHOGENIC
442,Chr7(GRCh37):g.44185175G>C,ACMG,PATHOGENIC
443,Chr7(GRCh37):g.44185202A>G,ACMG,PATHOGENIC
444,Chr7(GRCh37):g.44185207A>G,ACMG,PATHOGENIC
445,Chr7(GRCh37):g.44185207A>T,ACMG,PATHOGENIC
446,Chr7(GRCh37):g.44185225G>A,ACMG,PATHOGENIC
447,Chr7(GRCh37):g.44185231C>G,ACMG,PATHOGENIC
448,Chr7(GRCh37):g.44185244G>C,ACMG,PATHOGENIC
449,Chr7(GRCh37):g.44186062C>A,ACMG,PATHOGENIC
450,Chr7(GRCh37):g.44186077A>T,ACMG,PATHOGENIC
451,Chr7(GRCh37):g.44186138G>A,ACMG,PATHOGENIC
452,Chr7(GRCh37):g.44186140A>C,ACMG,PATHOGENIC
453,Chr7(GRCh37):g.44186179A>G,ACMG,PATHOGENIC
454,Chr7(GRCh37):g.44186204T>G,ACMG,PATHOGENIC
455,Chr7(GRCh37):g.44187258C>T,ACMG,PATHOGENIC
456,Chr7(GRCh37):g.44187278G>C,ACMG,PATHOGENIC
457,Chr7(GRCh37):g.44187278G>T,ACMG,PATHOGENIC
458,Chr7(GRCh37):g.44187292C>T,ACMG,PATHOGENIC
459,Chr7(GRCh37):g.44187300A>G,ACMG,PATHOGENIC
460,Chr7(GRCh37):g.44187319C>T,ACMG,PATHOGENIC
461,Chr7(GRCh37):g.44187331C>T,ACMG,PATHOGENIC
462,Chr7(GRCh37):g.44187412A>G,ACMG,BENIGN
463,Chr7(GRCh37):g.44189371C>T,ACMG,PATHOGENIC
464,Chr7(GRCh37):g.44189397T>C,ACMG,PATHOGENIC
465,Chr7(GRCh37):g.44189407T>G,ACMG,PATHOGENIC
466,Chr7(GRCh37):g.44189423G>C,ACMG,PATHOGENIC
467,Chr7(GRCh37):g.44189430A>G,ACMG,PATHOGENIC
468,Chr7(GRCh37):g.44189437C>A,ACMG,PATHOGENIC
469,Chr7(GRCh37):g.44189442A>G,ACMG,PATHOGENIC
470,Chr7(GRCh37):g.44189448A>G,ACMG,PATHOGENIC
471,Chr7(GRCh37):g.44189576G>A,ACMG,PATHOGENIC
472,Chr7(GRCh37):g.44189582T>C,ACMG,PATHOGENIC
473,Chr7(GRCh37):g.44189585C>T,ACMG,PATHOGENIC
474,Chr7(GRCh37):g.44189590C>G,ACMG,PATHOGENIC
475,Chr7(GRCh37):g.44189603C>T,ACMG,PATHOGENIC
476,Chr7(GRCh37):g.44189607A>C,ACMG,PATHOGENIC
477,Chr7(GRCh37):g.44189610G>T,ACMG,PATHOGENIC
478,Chr7(GRCh37):g.44190560C>T,ACMG,PATHOGENIC
479,Chr7(GRCh37):g.44190589A>G,ACMG,PATHOGENIC
480,Chr7(GRCh37):g.44190642G>T,ACMG,PATHOGENIC
481,Chr7(GRCh37):g.44190652C>T,ACMG,PATHOGENIC
482,Chr7(GRCh37):g.44190674G>T,ACMG,PATHOGENIC
483,Chr7(GRCh37):g.44191883C>A,ACMG,PATHOGENIC
484,Chr7(GRCh37):g.44191908A>G,ACMG,PATHOGENIC
485,Chr7(GRCh37):g.44191911A>G,ACMG,PATHOGENIC
486,Chr7(GRCh37):g.44191938A>G,ACMG,PATHOGENIC
487,Chr7(GRCh37):g.44191972C>A,ACMG,PATHOGENIC
488,Chr7(GRCh37):g.44191995C>G,ACMG,PATHOGENIC
489,Chr7(GRCh37):g.44191997A>G,ACMG,PATHOGENIC
490,Chr7(GRCh37):g.44192001C>T,ACMG,PATHOGENIC
491,Chr7(GRCh37):g.44192905C>A,ACMG,PATHOGENIC
492,Chr7(GRCh37):g.44192914G>A,ACMG,PATHOGENIC
493,Chr7(GRCh37):g.44192917G>T,ACMG,PATHOGENIC
494,Chr7(GRCh37):g.44192946A>C,ACMG,PATHOGENIC
495,Chr7(GRCh37):g.44192971C>A,ACMG,PATHOGENIC
496,Chr7(GRCh37):g.44192977C>T,ACMG,PATHOGENIC
497,Chr7(GRCh37):g.44192978C>T,ACMG,PATHOGENIC
498,Chr7(GRCh37):g.44193006C>A,ACMG,PATHOGENIC
499,Chr7(GRCh37):g.66098307A>G,DDD,PATHOGENIC
500,Chr7(GRCh37):g.70255639G>A,DDD,BENIGN
501,Chr7(GRCh37):g.73456998T>G,DDD,BENIGN
502,Chr7(GRCh37):g.73466280G>A,DDD,BENIGN
503,Chr7(GRCh37):g.79818303A>C,DDD,PATHOGENIC
504,Chr7(GRCh37):g.99703084A>C,DDD,PATHOGENIC
505,Chr7(GRCh37):g.103162509C>T,DDD,PATHOGENIC
506,Chr7(GRCh37):g.114298134C>T,DDD,BENIGN
507,Chr7(GRCh37):g.117171028C>T,ACMG,PATHOGENIC
508,Chr7(GRCh37):g.117199648T>G,ACMG,BENIGN
509,Chr7(GRCh37):g.140449182A>G,DDD,BENIGN
510,Chr7(GRCh37):g.140453133T>A,DDD,PATHOGENIC
511,Chr7(GRCh37):g.140453146G>C,DDD,PATHOGENIC
512,Chr7(GRCh37):g.140453990T>C,DDD,PATHOGENIC
513,Chr7(GRCh37):g.140476811C>T,DDD,PATHOGENIC
514,Chr7(GRCh37):g.140476815A>T,DDD,PATHOGENIC
515,Chr7(GRCh37):g.140477855A>T,DDD,PATHOGENIC
516,Chr7(GRCh37):g.140481377A>T,DDD,BENIGN
517,Chr7(GRCh37):g.140501302T>C,DDD,PATHOGENIC
518,Chr7(GRCh37):g.140501336C>G,DDD,PATHOGENIC
519,Chr7(GRCh37):g.142570162C>G,ACMG,PATHOGENIC
520,Chr7(GRCh37):g.146997325G>A,Amish,BENIGN
521,Chr7(GRCh37):g.148506461C>T,DDD,PATHOGENIC
522,Chr7(GRCh37):g.148523618G>A,DDD,PATHOGENIC
523,Chr7(GRCh37):g.148525925G>C,DDD,BENIGN
524,Chr7(GRCh37):g.148525943C>T,DDD,BENIGN
525,Chr7(GRCh37):g.155595916A>T,ACMG,PATHOGENIC
526,Chr7(GRCh37):g.155596234T>A,DDD,BENIGN
527,Chr7(GRCh37):g.155604536G>A,DDD,BENIGN
528,Chr7(GRCh37):g.156798395T>G,DDD,BENIGN
529,Chr7(GRCh37):g.156799173C>G,ACMG,PATHOGENIC
530,Chr7(GRCh37):g.156802881C>G,DDD,BENIGN
531,Chr8(GRCh37):g.11607675C>T,DDD,PATHOGENIC
532,Chr8(GRCh37):g.38002765G>C,DDD,PATHOGENIC
533,Chr8(GRCh37):g.38111143A>G,DDD,PATHOGENIC
534,Chr8(GRCh37):g.38111197A>G,DDD,PATHOGENIC
535,Chr8(GRCh37):g.41791093C>T,DDD,PATHOGENIC
536,Chr8(GRCh37):g.41791914T>G,DDD,BENIGN
537,Chr8(GRCh37):g.61655609C>T,DDD,BENIGN
538,Chr8(GRCh37):g.61732609G>A,DDD,PATHOGENIC
539,Chr8(GRCh37):g.61735081G>A,DDD,PATHOGENIC
540,Chr8(GRCh37):g.61748764C>T,ACMG,PATHOGENIC
541,Chr8(GRCh37):g.61749450C>T,DDD,PATHOGENIC
542,Chr8(GRCh37):g.61765478G>T,DDD,PATHOGENIC
543,Chr8(GRCh37):g.61773617A>G,ACMG,PATHOGENIC
544,Chr8(GRCh37):g.72127849C>A,DDD,PATHOGENIC
545,Chr8(GRCh37):g.72234480G>A,DDD,BENIGN
546,Chr8(GRCh37):g.94793945G>T,ACMG,PATHOGENIC
547,Chr8(GRCh37):g.97156927T>C,DDD,BENIGN
548,Chr8(GRCh37):g.100779102C>T,DDD,BENIGN
549,Chr8(GRCh37):g.100874030G>A,DDD,BENIGN
550,Chr8(GRCh37):g.116430562T>G,ACMG,PATHOGENIC
551,Chr8(GRCh37):g.116430646C>A,DDD,PATHOGENIC
552,Chr8(GRCh37):g.116599230G>A,DDD,BENIGN
553,Chr8(GRCh37):g.116631739C>T,DDD,BENIGN
554,Chr8(GRCh37):g.117869005T>C,DDD,PATHOGENIC
555,Chr8(GRCh37):g.118849384C>T,ACMG,PATHOGENIC
556,Chr8(GRCh37):g.119122774A>G,DDD,BENIGN
557,Chr8(GRCh37):g.126059464C>T,ACMG,PATHOGENIC
558,Chr8(GRCh37):g.133150175C>T,DDD,PATHOGENIC
559,Chr8(GRCh37):g.133184919C>T,DDD,PATHOGENIC
560,Chr8(GRCh37):g.133192493G>A,DDD,PATHOGENIC
561,Chr8(GRCh37):g.133192501C>T,DDD,PATHOGENIC
562,Chr8(GRCh37):g.144900664C>T,ACMG,PATHOGENIC
563,Chr8(GRCh37):g.144990697T>A,DDD,PATHOGENIC
564,Chr8(GRCh37):g.144996236C>G,DDD,PATHOGENIC
565,Chr9(GRCh37):g.304642A>G,DDD,BENIGN
566,Chr9(GRCh37):g.2039644G>C,DDD,BENIGN
567,Chr9(GRCh37):g.2047310C>T,DDD,BENIGN
568,Chr9(GRCh37):g.2058457G>A,DDD,PATHOGENIC
569,Chr9(GRCh37):g.2060867C>T,DDD,PATHOGENIC
570,Chr9(GRCh37):g.2060868G>A,DDD,PATHOGENIC
571,Chr9(GRCh37):g.2081995C>T,DDD,PATHOGENIC
572,Chr9(GRCh37):g.2086862C>T,DDD,PATHOGENIC
573,Chr9(GRCh37):g.2088540G>T,DDD,PATHOGENIC
574,Chr9(GRCh37):g.2097415A>C,DDD,PATHOGENIC
575,Chr9(GRCh37):g.2110254G>A,DDD,PATHOGENIC
576,Chr9(GRCh37):g.2181575G>A,DDD,PATHOGENIC
577,Chr9(GRCh37):g.3937065C>G,ACMG,PATHOGENIC
578,Chr9(GRCh37):g.3937117T>G,ACMG,PATHOGENIC
579,Chr9(GRCh37):g.4574011C>G,Amish,BENIGN
580,Chr9(GRCh37):g.27183589C>T,DDD,BENIGN
581,Chr9(GRCh37):g.27212761C>T,DDD,PATHOGENIC
582,Chr9(GRCh37):g.35685526G>A,DDD,PATHOGENIC
583,Chr9(GRCh37):g.35685669C>T,DDD,PATHOGENIC
584,Chr9(GRCh37):g.37783990T>G,DDD,PATHOGENIC
585,Chr9(GRCh37):g.79981721C>T,Amish,BENIGN
586,Chr9(GRCh37):g.86587871A>G,ACMG,PATHOGENIC
587,Chr9(GRCh37):g.95477684C>T,DDD,PATHOGENIC
588,Chr9(GRCh37):g.95480119C>T,DDD,BENIGN
589,Chr9(GRCh37):g.98212206G>C,DDD,BENIGN
590,Chr9(GRCh37):g.98221905T>C,DDD,BENIGN
591,Chr9(GRCh37):g.98241382A>C,DDD,PATHOGENIC
592,Chr9(GRCh37):g.98268811C>A,DDD,PATHOGENIC
593,Chr9(GRCh37):g.100190936G>C,Amish,BENIGN
594,Chr9(GRCh37):g.101133817C>T,ACMG,PATHOGENIC
595,Chr9(GRCh37):g.101904859C>G,DDD,PATHOGENIC
596,Chr9(GRCh37):g.101907097G>C,DDD,PATHOGENIC
597,Chr9(GRCh37):g.113449414A>C,ACMG,PATHOGENIC
598,Chr9(GRCh37):g.113550018G>T,ACMG,PATHOGENIC
599,Chr9(GRCh37):g.129453123C>G,DDD,BENIGN
600,Chr9(GRCh37):g.129458717A>T,DDD,BENIGN
601,Chr9(GRCh37):g.130420678G>T,DDD,PATHOGENIC
602,Chr9(GRCh37):g.130425587C>T,DDD,PATHOGENIC
603,Chr9(GRCh37):g.130425594T>G,DDD,PATHOGENIC
604,Chr9(GRCh37):g.130425622C>T,DDD,PATHOGENIC
605,Chr9(GRCh37):g.130427573T>G,DDD,PATHOGENIC
606,Chr9(GRCh37):g.130428485G>A,DDD,PATHOGENIC
607,Chr9(GRCh37):g.130438189G>A,DDD,PATHOGENIC
608,Chr9(GRCh37):g.130444768G>T,DDD,PATHOGENIC
609,Chr9(GRCh37):g.130444788C>T,DDD,PATHOGENIC
610,Chr9(GRCh37):g.130444834T>C,DDD,PATHOGENIC
611,Chr9(GRCh37):g.130982480C>T,DDD,PATHOGENIC
612,Chr9(GRCh37):g.130984491A>T,DDD,PATHOGENIC
613,Chr9(GRCh37):g.130985129C>G,DDD,PATHOGENIC
614,Chr9(GRCh37):g.131331087G>A,DDD,BENIGN
615,Chr9(GRCh37):g.131331108A>G,DDD,BENIGN
616,Chr9(GRCh37):g.131367701C>A,DDD,BENIGN
617,Chr9(GRCh37):g.131370454C>T,DDD,PATHOGENIC
618,Chr9(GRCh37):g.133747517A>G,DDD,BENIGN
619,Chr9(GRCh37):g.133748348G>A,DDD,PATHOGENIC
620,Chr9(GRCh37):g.133753828G>A,DDD,PATHOGENIC
621,Chr9(GRCh37):g.133755898G>A,DDD,PATHOGENIC
622,Chr9(GRCh37):g.133942360G>C,Amish,BENIGN
623,Chr9(GRCh37):g.135781265G>A,Amish,BENIGN
624,Chr9(GRCh37):g.138650300T>C,DDD,PATHOGENIC
625,Chr9(GRCh37):g.139395033C>T,DDD,BENIGN
626,Chr9(GRCh37):g.139401189C>G,DDD,BENIGN
627,Chr9(GRCh37):g.139409067G>T,DDD,BENIGN
628,Chr9(GRCh37):g.139412302C>T,DDD,PATHOGENIC
629,Chr9(GRCh37):g.140034024T>C,DDD,BENIGN
630,Chr9(GRCh37):g.140056678T>G,DDD,PATHOGENIC
631,Chr9(GRCh37):g.140056938G>C,DDD,PATHOGENIC
632,Chr9(GRCh37):g.140057150G>T,DDD,PATHOGENIC
633,Chr9(GRCh37):g.140057361T>C,DDD,PATHOGENIC
634,Chr9(GRCh37):g.140058097C>T,DDD,PATHOGENIC
635,Chr9(GRCh37):g.140058118C>A,DDD,PATHOGENIC
636,Chr9(GRCh37):g.140094509G>T,Amish,BENIGN
637,Chr9(GRCh37):g.140676817G>A,DDD,PATHOGENIC
638,Chr9(GRCh37):g.140685343C>T,DDD,PATHOGENIC
639,Chr9(GRCh37):g.140706030C>T,DDD,PATHOGENIC
640,Chr9(GRCh37):g.140707876G>C,DDD,BENIGN
641,Chr9(GRCh37):g.140708905G>C,DDD,PATHOGENIC
642,Chr9(GRCh37):g.140710450G>A,DDD,PATHOGENIC
643,Chr10(GRCh37):g.27356158T>A,DDD,BENIGN
644,Chr10(GRCh37):g.28149640C>T,DDD,BENIGN
645,Chr10(GRCh37):g.43602011A>G,ACMG,PATHOGENIC
646,Chr10(GRCh37):g.43607555G>A,ACMG,BENIGN
647,Chr10(GRCh37):g.43612164G>A,ACMG,PATHOGENIC
648,Chr10(GRCh37):g.43613908A>T,ACMG,BENIGN
649,Chr10(GRCh37):g.43619157T>C,ACMG,PATHOGENIC
650,Chr10(GRCh37):g.43622168A>G,ACMG,PATHOGENIC
651,Chr10(GRCh37):g.50856653T>C,Amish,BENIGN
652,Chr10(GRCh37):g.56138660C>T,Amish,BENIGN
653,Chr10(GRCh37):g.72195544T>C,DDD,BENIGN
654,Chr10(GRCh37):g.72195689G>C,DDD,BENIGN
655,Chr10(GRCh37):g.73111336G>A,ACMG,PATHOGENIC
656,Chr10(GRCh37):g.73111542T>C,ACMG,PATHOGENIC
657,Chr10(GRCh37):g.76729812G>A,DDD,BENIGN
658,Chr10(GRCh37):g.76788342C>T,DDD,BENIGN
659,Chr10(GRCh37):g.76789623G>A,DDD,BENIGN
660,Chr10(GRCh37):g.88817449G>A,DDD,PATHOGENIC
661,Chr10(GRCh37):g.88820686C>T,ACMG,PATHOGENIC
662,Chr10(GRCh37):g.88820767G>C,ACMG,PATHOGENIC
663,Chr10(GRCh37):g.88820777T>G,ACMG,PATHOGENIC
664,Chr10(GRCh37):g.89473067G>C,DDD,PATHOGENIC
665,Chr10(GRCh37):g.89685305T>C,DDD,PATHOGENIC
666,Chr10(GRCh37):g.89692936A>C,DDD,PATHOGENIC
667,Chr10(GRCh37):g.89720669T>C,DDD,PATHOGENIC
668,Chr10(GRCh37):g.89720826A>T,DDD,PATHOGENIC
669,Chr10(GRCh37):g.94368805C>A,ACMG,PATHOGENIC
670,Chr10(GRCh37):g.94389961A>G,DDD,PATHOGENIC
671,Chr10(GRCh37):g.97402864T>C,DDD,BENIGN
672,Chr10(GRCh37):g.102541114G>C,DDD,BENIGN
673,Chr10(GRCh37):g.102749544C>T,ACMG,PATHOGENIC
674,Chr10(GRCh37):g.103991807C>A,DDD,BENIGN
675,Chr10(GRCh37):g.112343981A>G,DDD,PATHOGENIC
676,Chr10(GRCh37):g.112349657T>G,DDD,PATHOGENIC
677,Chr10(GRCh37):g.112350774G>A,DDD,PATHOGENIC
678,Chr10(GRCh37):g.112352960A>G,DDD,PATHOGENIC
679,Chr10(GRCh37):g.112360880G>C,DDD,PATHOGENIC
680,Chr10(GRCh37):g.112362724C>G,DDD,PATHOGENIC
681,Chr10(GRCh37):g.112724437A>C,DDD,BENIGN
682,Chr10(GRCh37):g.122645437T>C,DDD,BENIGN
683,Chr10(GRCh37):g.123260357G>A,DDD,PATHOGENIC
684,Chr10(GRCh37):g.123274794T>C,DDD,PATHOGENIC
685,Chr10(GRCh37):g.123279563C>G,DDD,PATHOGENIC
686,Chr10(GRCh37):g.123310859C>A,DDD,BENIGN
687,Chr10(GRCh37):g.126086603C>T,Amish,BENIGN
688,Chr10(GRCh37):g.127460912A>G,DDD,PATHOGENIC
689,Chr11(GRCh37):g.686871T>C,DDD,PATHOGENIC
690,Chr11(GRCh37):g.686997C>T,ACMG,PATHOGENIC
691,Chr11(GRCh37):g.687941C>T,ACMG,PATHOGENIC
692,Chr11(GRCh37):g.2182138C>G,ACMG,PATHOGENIC
693,Chr11(GRCh37):g.2189135C>T,ACMG,PATHOGENIC
694,Chr11(GRCh37):g.17408485G>C,ACMG,BENIGN
695,Chr11(GRCh37):g.17408638C>T,ACMG,PATHOGENIC
696,Chr11(GRCh37):g.17408650T>G,ACMG,PATHOGENIC
697,Chr11(GRCh37):g.17408675C>T,ACMG,PATHOGENIC
698,Chr11(GRCh37):g.17408737C>G,ACMG,PATHOGENIC
699,Chr11(GRCh37):g.17408737C>T,ACMG,PATHOGENIC
700,Chr11(GRCh37):g.17408738G>A,ACMG,PATHOGENIC
701,Chr11(GRCh37):g.17408738G>C,ACMG,PATHOGENIC
702,Chr11(GRCh37):g.17408753T>G,ACMG,PATHOGENIC
703,Chr11(GRCh37):g.17408758G>A,ACMG,PATHOGENIC
704,Chr11(GRCh37):g.17408761G>T,ACMG,PATHOGENIC
705,Chr11(GRCh37):g.17408777C>T,ACMG,PATHOGENIC
706,Chr11(GRCh37):g.17408795C>T,ACMG,PATHOGENIC
707,Chr11(GRCh37):g.17408831G>C,ACMG,BENIGN
708,Chr11(GRCh37):g.17408831G>T,ACMG,PATHOGENIC
709,Chr11(GRCh37):g.17408840G>C,ACMG,BENIGN
710,Chr11(GRCh37):g.17408842G>A,ACMG,PATHOGENIC
711,Chr11(GRCh37):g.17408863T>C,ACMG,PATHOGENIC
712,Chr11(GRCh37):g.17408878G>A,ACMG,PATHOGENIC
713,Chr11(GRCh37):g.17408884A>C,ACMG,PATHOGENIC
714,Chr11(GRCh37):g.17408885C>T,ACMG,PATHOGENIC
715,Chr11(GRCh37):g.17408942G>A,ACMG,PATHOGENIC
716,Chr11(GRCh37):g.17408954C>T,ACMG,PATHOGENIC
717,Chr11(GRCh37):g.17408960C>T,ACMG,PATHOGENIC
718,Chr11(GRCh37):g.17409002C>T,ACMG,PATHOGENIC
719,Chr11(GRCh37):g.17409027G>T,ACMG,PATHOGENIC
720,Chr11(GRCh37):g.17409037C>A,ACMG,PATHOGENIC
721,Chr11(GRCh37):g.17409037C>T,ACMG,PATHOGENIC
722,Chr11(GRCh37):g.17409038G>A,ACMG,PATHOGENIC
723,Chr11(GRCh37):g.17409055C>T,ACMG,BENIGN
724,Chr11(GRCh37):g.17409095T>C,ACMG,PATHOGENIC
725,Chr11(GRCh37):g.17409103T>G,ACMG,PATHOGENIC
726,Chr11(GRCh37):g.17409129C>A,ACMG,PATHOGENIC
727,Chr11(GRCh37):g.17409130T>C,ACMG,PATHOGENIC
728,Chr11(GRCh37):g.17409130T>G,ACMG,PATHOGENIC
729,Chr11(GRCh37):g.17409140T>G,ACMG,PATHOGENIC
730,Chr11(GRCh37):g.17409142C>A,ACMG,PATHOGENIC
731,Chr11(GRCh37):g.17409142C>T,ACMG,PATHOGENIC
732,Chr11(GRCh37):g.17409148A>G,ACMG,PATHOGENIC
733,Chr11(GRCh37):g.17409158C>T,ACMG,PATHOGENIC
734,Chr11(GRCh37):g.17409173C>T,ACMG,PATHOGENIC
735,Chr11(GRCh37):g.17409232C>A,ACMG,PATHOGENIC
736,Chr11(GRCh37):g.17409238C>G,ACMG,PATHOGENIC
737,Chr11(GRCh37):g.17409293A>G,ACMG,PATHOGENIC
738,Chr11(GRCh37):g.17409337G>T,ACMG,PATHOGENIC
739,Chr11(GRCh37):g.17409368A>G,ACMG,PATHOGENIC
740,Chr11(GRCh37):g.17409438C>G,ACMG,PATHOGENIC
741,Chr11(GRCh37):g.17409454G>A,ACMG,PATHOGENIC
742,Chr11(GRCh37):g.17409463A>C,ACMG,PATHOGENIC
743,Chr11(GRCh37):g.17409464C>T,ACMG,PATHOGENIC
744,Chr11(GRCh37):g.17409474G>T,ACMG,PATHOGENIC
745,Chr11(GRCh37):g.17409481C>T,ACMG,PATHOGENIC
746,Chr11(GRCh37):g.17409482C>G,ACMG,PATHOGENIC
747,Chr11(GRCh37):g.17409482C>T,ACMG,PATHOGENIC
748,Chr11(GRCh37):g.17409484T>C,ACMG,PATHOGENIC
749,Chr11(GRCh37):g.17409487T>G,ACMG,PATHOGENIC
750,Chr11(GRCh37):g.17409490C>G,ACMG,PATHOGENIC
751,Chr11(GRCh37):g.17409490C>T,ACMG,PATHOGENIC
752,Chr11(GRCh37):g.17409502T>C,ACMG,PATHOGENIC
753,Chr11(GRCh37):g.17409503G>A,ACMG,PATHOGENIC
754,Chr11(GRCh37):g.17409520C>T,ACMG,PATHOGENIC
755,Chr11(GRCh37):g.17409538C>T,ACMG,PATHOGENIC
756,Chr11(GRCh37):g.17409631G>C,ACMG,PATHOGENIC
757,Chr11(GRCh37):g.17414570C>T,ACMG,BENIGN
758,Chr11(GRCh37):g.17414600G>T,ACMG,PATHOGENIC
759,Chr11(GRCh37):g.17414656A>G,ACMG,PATHOGENIC
760,Chr11(GRCh37):g.17414671C>T,ACMG,PATHOGENIC
761,Chr11(GRCh37):g.17415287A>T,ACMG,PATHOGENIC
762,Chr11(GRCh37):g.17415826A>G,ACMG,PATHOGENIC
763,Chr11(GRCh37):g.17415842C>G,ACMG,PATHOGENIC
764,Chr11(GRCh37):g.17415842C>T,ACMG,PATHOGENIC
765,Chr11(GRCh37):g.17415845C>G,ACMG,PATHOGENIC
766,Chr11(GRCh37):g.17415880C>T,ACMG,PATHOGENIC
767,Chr11(GRCh37):g.17415881G>A,ACMG,PATHOGENIC
768,Chr11(GRCh37):g.17415926C>T,ACMG,PATHOGENIC
769,Chr11(GRCh37):g.17415928C>A,ACMG,PATHOGENIC
770,Chr11(GRCh37):g.17416761C>T,ACMG,PATHOGENIC
771,Chr11(GRCh37):g.17417194T>C,ACMG,PATHOGENIC
772,Chr11(GRCh37):g.17417416A>T,ACMG,PATHOGENIC
773,Chr11(GRCh37):g.17417444A>G,ACMG,PATHOGENIC
774,Chr11(GRCh37):g.17417461C>A,ACMG,PATHOGENIC
775,Chr11(GRCh37):g.17417461C>T,ACMG,PATHOGENIC
776,Chr11(GRCh37):g.17417462G>A,ACMG,PATHOGENIC
777,Chr11(GRCh37):g.17418464T>C,ACMG,PATHOGENIC
778,Chr11(GRCh37):g.17418527C>T,ACMG,PATHOGENIC
779,Chr11(GRCh37):g.17418790C>T,ACMG,PATHOGENIC
780,Chr11(GRCh37):g.17419903A>G,ACMG,PATHOGENIC
781,Chr11(GRCh37):g.17424217C>A,ACMG,PATHOGENIC
782,Chr11(GRCh37):g.17424218G>A,ACMG,PATHOGENIC
783,Chr11(GRCh37):g.17426071C>T,ACMG,PATHOGENIC
784,Chr11(GRCh37):g.17426072G>A,ACMG,PATHOGENIC
785,Chr11(GRCh37):g.17427076T>C,ACMG,PATHOGENIC
786,Chr11(GRCh37):g.17428530G>A,ACMG,PATHOGENIC
787,Chr11(GRCh37):g.17428623G>A,ACMG,PATHOGENIC
788,Chr11(GRCh37):g.17432169A>G,ACMG,PATHOGENIC
789,Chr11(GRCh37):g.17432172T>C,ACMG,PATHOGENIC
790,Chr11(GRCh37):g.17434271T>G,ACMG,PATHOGENIC
791,Chr11(GRCh37):g.17434943G>A,ACMG,PATHOGENIC
792,Chr11(GRCh37):g.17435002C>T,ACMG,PATHOGENIC
793,Chr11(GRCh37):g.17436059C>T,ACMG,PATHOGENIC
794,Chr11(GRCh37):g.17448675C>T,ACMG,PATHOGENIC
795,Chr11(GRCh37):g.17452418A>T,ACMG,PATHOGENIC
796,Chr11(GRCh37):g.17452434G>C,ACMG,PATHOGENIC
797,Chr11(GRCh37):g.17464320C>T,ACMG,PATHOGENIC
798,Chr11(GRCh37):g.17464413C>T,ACMG,PATHOGENIC
799,Chr11(GRCh37):g.17464769A>C,ACMG,PATHOGENIC
800,Chr11(GRCh37):g.17464840A>G,ACMG,PATHOGENIC
801,Chr11(GRCh37):g.17470175A>T,ACMG,PATHOGENIC
802,Chr11(GRCh37):g.17474732C>G,ACMG,PATHOGENIC
803,Chr11(GRCh37):g.17474733C>G,ACMG,PATHOGENIC
804,Chr11(GRCh37):g.17474734T>C,ACMG,PATHOGENIC
805,Chr11(GRCh37):g.17482076C>T,ACMG,PATHOGENIC
806,Chr11(GRCh37):g.17482100C>T,ACMG,PATHOGENIC
807,Chr11(GRCh37):g.17482118C>T,ACMG,PATHOGENIC
808,Chr11(GRCh37):g.17482222C>T,ACMG,BENIGN
809,Chr11(GRCh37):g.17483260C>A,ACMG,PATHOGENIC
810,Chr11(GRCh37):g.17483266G>A,ACMG,PATHOGENIC
811,Chr11(GRCh37):g.17483278A>G,ACMG,PATHOGENIC
812,Chr11(GRCh37):g.17483314A>C,ACMG,PATHOGENIC
813,Chr11(GRCh37):g.17483321G>T,ACMG,PATHOGENIC
814,Chr11(GRCh37):g.17483325G>T,ACMG,PATHOGENIC
815,Chr11(GRCh37):g.17483330C>T,ACMG,PATHOGENIC
816,Chr11(GRCh37):g.17485004A>T,ACMG,PATHOGENIC
817,Chr11(GRCh37):g.17491664G>T,ACMG,PATHOGENIC
818,Chr11(GRCh37):g.17491666A>C,ACMG,PATHOGENIC
819,Chr11(GRCh37):g.17491685G>C,ACMG,PATHOGENIC
820,Chr11(GRCh37):g.17491729C>T,ACMG,PATHOGENIC
821,Chr11(GRCh37):g.17496466A>C,ACMG,PATHOGENIC
822,Chr11(GRCh37):g.17496466A>G,ACMG,PATHOGENIC
823,Chr11(GRCh37):g.17496503G>A,ACMG,PATHOGENIC
824,Chr11(GRCh37):g.17498252G>T,ACMG,PATHOGENIC
825,Chr11(GRCh37):g.17498262A>T,ACMG,PATHOGENIC
826,Chr11(GRCh37):g.17498305C>G,ACMG,PATHOGENIC
827,Chr11(GRCh37):g.31823116A>G,DDD,BENIGN
828,Chr11(GRCh37):g.31824316C>T,DDD,PATHOGENIC
829,Chr11(GRCh37):g.32456316C>A,DDD,BENIGN
830,Chr11(GRCh37):g.44219458C>A,DDD,BENIGN
831,Chr11(GRCh37):g.44253937A>C,DDD,BENIGN
832,Chr11(GRCh37):g.44254000C>T,Amish,BENIGN
833,Chr11(GRCh37):g.44257864A>G,DDD,BENIGN
834,Chr11(GRCh37):g.45935882G>A,ACMG,PATHOGENIC
835,Chr11(GRCh37):g.58920847G>A,DDD,PATHOGENIC
836,Chr11(GRCh37):g.64418832G>C,DDD,BENIGN
837,Chr11(GRCh37):g.64571903A>G,ACMG,PATHOGENIC
838,Chr11(GRCh37):g.64572600C>T,ACMG,PATHOGENIC
839,Chr11(GRCh37):g.64573190C>G,ACMG,PATHOGENIC
840,Chr11(GRCh37):g.64573201A>G,ACMG,PATHOGENIC
841,Chr11(GRCh37):g.64573214T>A,ACMG,PATHOGENIC
842,Chr11(GRCh37):g.64575049G>A,ACMG,PATHOGENIC
843,Chr11(GRCh37):g.64575365G>A,ACMG,PATHOGENIC
844,Chr11(GRCh37):g.64575475T>C,ACMG,PATHOGENIC
845,Chr11(GRCh37):g.64575493A>G,ACMG,PATHOGENIC
846,Chr11(GRCh37):g.64575527C>G,ACMG,PATHOGENIC
847,Chr11(GRCh37):g.64575544G>T,ACMG,PATHOGENIC
848,Chr11(GRCh37):g.64577445T>G,ACMG,PATHOGENIC
849,Chr11(GRCh37):g.64577447C>G,ACMG,PATHOGENIC
850,Chr11(GRCh37):g.64577448T>G,ACMG,PATHOGENIC
851,Chr11(GRCh37):g.65978677C>T,DDD,PATHOGENIC
852,Chr11(GRCh37):g.67257645A>G,ACMG,PATHOGENIC
853,Chr11(GRCh37):g.67258282C>T,ACMG,PATHOGENIC
854,Chr11(GRCh37):g.67258382G>A,ACMG,BENIGN
855,Chr11(GRCh37):g.67376129C>G,ACMG,PATHOGENIC
856,Chr11(GRCh37):g.68115342G>A,DDD,BENIGN
857,Chr11(GRCh37):g.68177518A>C,DDD,BENIGN
858,Chr11(GRCh37):g.68703714G>T,ACMG,PATHOGENIC
859,Chr11(GRCh37):g.71148919T>C,DDD,PATHOGENIC
860,Chr11(GRCh37):g.71942151A>T,DDD,PATHOGENIC
861,Chr11(GRCh37):g.72019642C>T,ACMG,PATHOGENIC
862,Chr11(GRCh37):g.76867064C>G,DDD,PATHOGENIC
863,Chr11(GRCh37):g.76919841A>G,DDD,PATHOGENIC
864,Chr11(GRCh37):g.88911734C>A,DDD,PATHOGENIC
865,Chr11(GRCh37):g.88961072C>A,DDD,PATHOGENIC
866,Chr11(GRCh37):g.102815039G>T,DDD,BENIGN
867,Chr11(GRCh37):g.102824993G>C,DDD,BENIGN
868,Chr11(GRCh37):g.102825279T>A,DDD,BENIGN
869,Chr11(GRCh37):g.103039637C>A,Amish,BENIGN
870,Chr11(GRCh37):g.108098599T>G,DDD,PATHOGENIC
871,Chr11(GRCh37):g.108214039G>A,ACMG,PATHOGENIC
872,Chr11(GRCh37):g.111958677A>G,ACMG,BENIGN
873,Chr11(GRCh37):g.118307357C>A,DDD,BENIGN
874,Chr11(GRCh37):g.118343034T>C,DDD,BENIGN
875,Chr11(GRCh37):g.118343580C>T,DDD,BENIGN
876,Chr11(GRCh37):g.118344084A>G,DDD,BENIGN
877,Chr11(GRCh37):g.118344377C>G,DDD,BENIGN
878,Chr11(GRCh37):g.118344600G>A,Amish,BENIGN
879,Chr11(GRCh37):g.118347562C>T,DDD,BENIGN
880,Chr11(GRCh37):g.118348811G>A,DDD,PATHOGENIC
881,Chr11(GRCh37):g.118348821T>G,DDD,PATHOGENIC
882,Chr11(GRCh37):g.118348903A>G,DDD,PATHOGENIC
883,Chr11(GRCh37):g.118355659G>C,DDD,PATHOGENIC
884,Chr11(GRCh37):g.118368658G>T,DDD,PATHOGENIC
885,Chr11(GRCh37):g.118368693C>T,DDD,PATHOGENIC
886,Chr11(GRCh37):g.118371847C>T,DDD,BENIGN
887,Chr11(GRCh37):g.118375184T>A,DDD,PATHOGENIC
888,Chr11(GRCh37):g.119148880A>C,DDD,PATHOGENIC
889,Chr11(GRCh37):g.119148880A>G,DDD,PATHOGENIC
890,Chr11(GRCh37):g.119156070C>T,DDD,BENIGN
891,Chr11(GRCh37):g.120989333G>A,DDD,BENIGN
892,Chr11(GRCh37):g.121008311G>C,DDD,PATHOGENIC
893,Chr11(GRCh37):g.121016459A>C,DDD,BENIGN
894,Chr11(GRCh37):g.121031010G>A,DDD,PATHOGENIC
895,Chr11(GRCh37):g.124739448C>G,ACMG,PATHOGENIC
896,Chr11(GRCh37):g.124740144G>A,DDD,BENIGN
897,Chr11(GRCh37):g.124744034G>T,Amish,BENIGN
898,Chr11(GRCh37):g.125864792C>T,DDD,BENIGN
899,Chr11(GRCh37):g.125873860T>A,DDD,BENIGN
900,Chr12(GRCh37):g.2595282T>C,DDD,BENIGN
901,Chr12(GRCh37):g.2716255G>C,DDD,BENIGN
902,Chr12(GRCh37):g.4479739G>C,ACMG,PATHOGENIC
903,Chr12(GRCh37):g.6697549C>T,DDD,PATHOGENIC
904,Chr12(GRCh37):g.6701647T>C,ACMG,PATHOGENIC
905,Chr12(GRCh37):g.6709021C>T,DDD,PATHOGENIC
906,Chr12(GRCh37):g.13720081C>A,ACMG,PATHOGENIC
907,Chr12(GRCh37):g.13720096C>A,DDD,PATHOGENIC
908,Chr12(GRCh37):g.13720098C>G,DDD,PATHOGENIC
909,Chr12(GRCh37):g.13720104A>G,DDD,PATHOGENIC
910,Chr12(GRCh37):g.13722886C>A,DDD,PATHOGENIC
911,Chr12(GRCh37):g.13724742T>G,DDD,PATHOGENIC
912,Chr12(GRCh37):g.13724844C>T,DDD,PATHOGENIC
913,Chr12(GRCh37):g.13724849G>C,ACMG,PATHOGENIC
914,Chr12(GRCh37):g.13761623A>G,DDD,PATHOGENIC
915,Chr12(GRCh37):g.13761664G>A,DDD,PATHOGENIC
916,Chr12(GRCh37):g.13761702G>C,DDD,PATHOGENIC
917,Chr12(GRCh37):g.13764764A>T,DDD,PATHOGENIC
918,Chr12(GRCh37):g.13768108T>C,DDD,PATHOGENIC
919,Chr12(GRCh37):g.13768155T>C,DDD,PATHOGENIC
920,Chr12(GRCh37):g.13768200A>G,DDD,PATHOGENIC
921,Chr12(GRCh37):g.14769647C>T,DDD,BENIGN
922,Chr12(GRCh37):g.14840989C>T,DDD,BENIGN
923,Chr12(GRCh37):g.14849268C>A,DDD,BENIGN
924,Chr12(GRCh37):g.21981943G>T,DDD,PATHOGENIC
925,Chr12(GRCh37):g.21995260C>T,DDD,PATHOGENIC
926,Chr12(GRCh37):g.21997785G>T,DDD,PATHOGENIC
927,Chr12(GRCh37):g.22013966C>A,DDD,BENIGN
928,Chr12(GRCh37):g.22061091C>T,DDD,PATHOGENIC
929,Chr12(GRCh37):g.23689589C>G,DDD,PATHOGENIC
930,Chr12(GRCh37):g.23696234T>G,ACMG,PATHOGENIC
931,Chr12(GRCh37):g.25398254T>C,ACMG,PATHOGENIC
932,Chr12(GRCh37):g.25398279C>T,DDD,PATHOGENIC
933,Chr12(GRCh37):g.28116671T>A,DDD,BENIGN
934,Chr12(GRCh37):g.32884290G>A,ACMG,PATHOGENIC
935,Chr12(GRCh37):g.39726032T>G,ACMG,PATHOGENIC
936,Chr12(GRCh37):g.39726045C>G,ACMG,PATHOGENIC
937,Chr12(GRCh37):g.39726059A>C,ACMG,PATHOGENIC
938,Chr12(GRCh37):g.39726206C>T,ACMG,PATHOGENIC
939,Chr12(GRCh37):g.39730941T>C,Amish,BENIGN
940,Chr12(GRCh37):g.48368629G>T,DDD,PATHOGENIC
941,Chr12(GRCh37):g.48369835C>G,ACMG,PATHOGENIC
942,Chr12(GRCh37):g.48370620C>A,DDD,PATHOGENIC
943,Chr12(GRCh37):g.48371886C>A,DDD,BENIGN
944,Chr12(GRCh37):g.48373317G>A,DDD,PATHOGENIC
945,Chr12(GRCh37):g.48379537C>T,DDD,PATHOGENIC
946,Chr12(GRCh37):g.48380652C>T,DDD,PATHOGENIC
947,Chr12(GRCh37):g.48383573C>T,DDD,BENIGN
948,Chr12(GRCh37):g.48388220G>A,Amish,BENIGN
949,Chr12(GRCh37):g.48389524T>C,DDD,BENIGN
950,Chr12(GRCh37):g.49420076G>A,DDD,PATHOGENIC
951,Chr12(GRCh37):g.49420129G>C,DDD,PATHOGENIC
952,Chr12(GRCh37):g.49420202G>C,DDD,BENIGN
953,Chr12(GRCh37):g.49420213C>T,DDD,PATHOGENIC
954,Chr12(GRCh37):g.49420493G>C,DDD,BENIGN
955,Chr12(GRCh37):g.49420784G>A,DDD,BENIGN
956,Chr12(GRCh37):g.49424487A>G,DDD,BENIGN
957,Chr12(GRCh37):g.49426082G>C,DDD,BENIGN
958,Chr12(GRCh37):g.49426313C>A,DDD,BENIGN
959,Chr12(GRCh37):g.49427743C>T,DDD,PATHOGENIC
960,Chr12(GRCh37):g.49431084T>C,DDD,BENIGN
961,Chr12(GRCh37):g.49431241C>T,DDD,BENIGN
962,Chr12(GRCh37):g.49431305T>A,DDD,BENIGN
963,Chr12(GRCh37):g.49431810C>G,DDD,BENIGN
964,Chr12(GRCh37):g.49432089T>C,DDD,BENIGN
965,Chr12(GRCh37):g.49432542T>A,DDD,BENIGN
966,Chr12(GRCh37):g.49433526T>A,DDD,BENIGN
967,Chr12(GRCh37):g.49434218C>G,DDD,BENIGN
968,Chr12(GRCh37):g.49438189G>C,DDD,PATHOGENIC
969,Chr12(GRCh37):g.49440539C>G,DDD,PATHOGENIC
970,Chr12(GRCh37):g.49443670C>G,DDD,BENIGN
971,Chr12(GRCh37):g.49444768G>C,DDD,BENIGN
972,Chr12(GRCh37):g.49445460G>A,DDD,BENIGN
973,Chr12(GRCh37):g.49445578G>A,DDD,BENIGN
974,Chr12(GRCh37):g.49445649G>C,DDD,BENIGN
975,Chr12(GRCh37):g.49445719G>C,DDD,BENIGN
976,Chr12(GRCh37):g.49445799G>A,DDD,BENIGN
977,Chr12(GRCh37):g.49579458T>G,DDD,PATHOGENIC
978,Chr12(GRCh37):g.49579584G>C,DDD,PATHOGENIC
979,Chr12(GRCh37):g.49579631G>A,DDD,PATHOGENIC
980,Chr12(GRCh37):g.49579731T>C,DDD,PATHOGENIC
981,Chr12(GRCh37):g.49580429C>T,DDD,PATHOGENIC
982,Chr12(GRCh37):g.49580580C>T,DDD,PATHOGENIC
983,Chr12(GRCh37):g.52082570A>G,DDD,PATHOGENIC
984,Chr12(GRCh37):g.52093447T>C,DDD,PATHOGENIC
985,Chr12(GRCh37):g.52096664T>C,DDD,PATHOGENIC
986,Chr12(GRCh37):g.52099288G>A,DDD,PATHOGENIC
987,Chr12(GRCh37):g.52099312G>A,DDD,PATHOGENIC
988,Chr12(GRCh37):g.52115370A>G,DDD,BENIGN
989,Chr12(GRCh37):g.52162970G>A,DDD,BENIGN
990,Chr12(GRCh37):g.52163721G>A,DDD,BENIGN
991,Chr12(GRCh37):g.52168091G>A,DDD,BENIGN
992,Chr12(GRCh37):g.52180326G>T,DDD,PATHOGENIC
993,Chr12(GRCh37):g.52200143G>A,DDD,PATHOGENIC
994,Chr12(GRCh37):g.52200192T>G,DDD,PATHOGENIC
995,Chr12(GRCh37):g.52200900A>G,ACMG,PATHOGENIC
996,Chr12(GRCh37):g.53702071A>G,Amish,BENIGN
997,Chr12(GRCh37):g.56481850C>G,Amish,BENIGN
998,Chr12(GRCh37):g.65113827G>A,DDD,BENIGN
999,Chr12(GRCh37):g.88500452C>A,DDD,PATHOGENIC
1000,Chr12(GRCh37):g.102045044C>G,Amish,BENIGN
1001,Chr12(GRCh37):g.108956433C>G,Amish,BENIGN
1002,Chr12(GRCh37):g.112856920C>T,DDD,PATHOGENIC
1003,Chr12(GRCh37):g.112888166A>G,DDD,PATHOGENIC
1004,Chr12(GRCh37):g.112888168T>G,DDD,PATHOGENIC
1005,Chr12(GRCh37):g.112888199C>G,DDD,PATHOGENIC
1006,Chr12(GRCh37):g.112891083G>C,DDD,PATHOGENIC
1007,Chr12(GRCh37):g.112910835A>G,DDD,PATHOGENIC
1008,Chr12(GRCh37):g.112926852C>T,DDD,PATHOGENIC
1009,Chr12(GRCh37):g.112926887G>A,DDD,PATHOGENIC
1010,Chr12(GRCh37):g.112926909A>C,DDD,PATHOGENIC
1011,Chr12(GRCh37):g.112939976C>T,DDD,PATHOGENIC
1012,Chr12(GRCh37):g.114804159G>T,DDD,BENIGN
1013,Chr12(GRCh37):g.114823364T>A,DDD,BENIGN
1014,Chr12(GRCh37):g.115109963G>A,DDD,BENIGN
1015,Chr12(GRCh37):g.116401227G>A,DDD,PATHOGENIC
1016,Chr12(GRCh37):g.116401291T>C,DDD,BENIGN
1017,Chr12(GRCh37):g.116406896A>C,DDD,PATHOGENIC
1018,Chr12(GRCh37):g.116408461G>A,DDD,PATHOGENIC
1019,Chr12(GRCh37):g.116413012C>T,DDD,PATHOGENIC
1020,Chr12(GRCh37):g.116413403G>C,DDD,PATHOGENIC
1021,Chr12(GRCh37):g.116428852T>C,DDD,BENIGN
1022,Chr12(GRCh37):g.116429242C>T,DDD,BENIGN
1023,Chr12(GRCh37):g.116429281A>G,DDD,PATHOGENIC
1024,Chr12(GRCh37):g.116434360G>A,DDD,BENIGN
1025,Chr12(GRCh37):g.116435008G>A,DDD,PATHOGENIC
1026,Chr12(GRCh37):g.116443711T>C,DDD,BENIGN
1027,Chr12(GRCh37):g.116444173T>C,DDD,BENIGN
1028,Chr12(GRCh37):g.116446681T>C,DDD,BENIGN
1029,Chr12(GRCh37):g.116457104G>A,DDD,BENIGN
1030,Chr12(GRCh37):g.116549291C>G,DDD,PATHOGENIC
1031,Chr12(GRCh37):g.121416617C>G,ACMG,PATHOGENIC
1032,Chr12(GRCh37):g.121416627C>T,ACMG,PATHOGENIC
1033,Chr12(GRCh37):g.121416629G>A,ACMG,PATHOGENIC
1034,Chr12(GRCh37):g.121416656G>C,ACMG,PATHOGENIC
1035,Chr12(GRCh37):g.121416890C>G,ACMG,PATHOGENIC
1036,Chr12(GRCh37):g.121426670T>C,ACMG,PATHOGENIC
1037,Chr12(GRCh37):g.121426691A>G,ACMG,PATHOGENIC
1038,Chr12(GRCh37):g.121426746A>C,ACMG,PATHOGENIC
1039,Chr12(GRCh37):g.121431353T>C,ACMG,BENIGN
1040,Chr12(GRCh37):g.121431387G>T,ACMG,PATHOGENIC
1041,Chr12(GRCh37):g.121431469A>C,ACMG,PATHOGENIC
1042,Chr12(GRCh37):g.121432062A>G,ACMG,PATHOGENIC
1043,Chr12(GRCh37):g.121434371C>G,ACMG,BENIGN
1044,Chr12(GRCh37):g.121437365C>T,ACMG,BENIGN
1045,Chr12(GRCh37):g.122285043C>A,DDD,BENIGN
1046,Chr12(GRCh37):g.122295280T>C,DDD,BENIGN
1047,Chr13(GRCh37):g.78474031A>C,DDD,BENIGN
1048,Chr13(GRCh37):g.100637347T>C,ACMG,PATHOGENIC
1049,Chr13(GRCh37):g.100637757G>T,DDD,BENIGN
1050,Chr13(GRCh37):g.101742306C>T,DDD,PATHOGENIC
1051,Chr13(GRCh37):g.101742315G>T,DDD,BENIGN
1052,Chr13(GRCh37):g.101756915G>A,DDD,PATHOGENIC
1053,Chr13(GRCh37):g.101881803T>C,DDD,BENIGN
1054,Chr13(GRCh37):g.110807675G>C,ACMG,PATHOGENIC
1055,Chr13(GRCh37):g.110822911C>T,ACMG,PATHOGENIC
1056,Chr13(GRCh37):g.110823029G>A,DDD,BENIGN
1057,Chr13(GRCh37):g.110825075C>T,DDD,PATHOGENIC
1058,Chr13(GRCh37):g.110830197C>T,DDD,PATHOGENIC
1059,Chr13(GRCh37):g.110830543C>T,ACMG,PATHOGENIC
1060,Chr13(GRCh37):g.110838818C>T,ACMG,PATHOGENIC
1061,Chr13(GRCh37):g.110862526C>G,DDD,BENIGN
1062,Chr13(GRCh37):g.111098183G>T,DDD,BENIGN
1063,Chr13(GRCh37):g.111111210G>A,DDD,PATHOGENIC
1064,Chr13(GRCh37):g.111117881G>A,DDD,PATHOGENIC
1065,Chr13(GRCh37):g.111137266C>A,DDD,BENIGN
1066,Chr13(GRCh37):g.111164386G>A,ACMG,BENIGN
1067,Chr14(GRCh37):g.21861339T>G,DDD,BENIGN
1068,Chr14(GRCh37):g.21868613G>A,DDD,BENIGN
1069,Chr14(GRCh37):g.21871618T>G,DDD,PATHOGENIC
1070,Chr14(GRCh37):g.23858207G>A,Amish,BENIGN
1071,Chr14(GRCh37):g.23862237C>A,DDD,BENIGN
1072,Chr14(GRCh37):g.24711460A>G,DDD,BENIGN
1073,Chr14(GRCh37):g.29236874C>T,DDD,BENIGN
1074,Chr14(GRCh37):g.29237030C>G,DDD,PATHOGENIC
1075,Chr14(GRCh37):g.29237046C>G,DDD,PATHOGENIC
1076,Chr14(GRCh37):g.29237048C>A,DDD,PATHOGENIC
1077,Chr14(GRCh37):g.29237065A>T,DDD,PATHOGENIC
1078,Chr14(GRCh37):g.29237117T>C,DDD,PATHOGENIC
1079,Chr14(GRCh37):g.29237130C>A,DDD,PATHOGENIC
1080,Chr14(GRCh37):g.36986546G>T,DDD,BENIGN
1081,Chr14(GRCh37):g.36986817G>C,ACMG,PATHOGENIC
1082,Chr14(GRCh37):g.36987163G>C,DDD,PATHOGENIC
1083,Chr14(GRCh37):g.36989299C>G,DDD,BENIGN
1084,Chr14(GRCh37):g.45605503C>T,DDD,BENIGN
1085,Chr14(GRCh37):g.45644816A>C,DDD,BENIGN
1086,Chr14(GRCh37):g.51378517C>G,DDD,PATHOGENIC
1087,Chr14(GRCh37):g.54417055A>G,DDD,PATHOGENIC
1088,Chr14(GRCh37):g.54417366A>C,DDD,BENIGN
1089,Chr14(GRCh37):g.57269042C>T,DDD,BENIGN
1090,Chr14(GRCh37):g.61115388T>A,DDD,PATHOGENIC
1091,Chr14(GRCh37):g.61115846A>G,DDD,BENIGN
1092,Chr14(GRCh37):g.74551058T>C,Amish,BENIGN
1093,Chr14(GRCh37):g.74766869C>G,Amish,BENIGN
1094,Chr14(GRCh37):g.76429686C>T,DDD,PATHOGENIC
1095,Chr14(GRCh37):g.81422124G>A,Amish,BENIGN
1096,Chr14(GRCh37):g.81609403T>C,ACMG,BENIGN
1097,Chr14(GRCh37):g.81609930T>C,DDD,BENIGN
1098,Chr14(GRCh37):g.81610098G>A,ACMG,PATHOGENIC
1099,Chr14(GRCh37):g.81610201G>A,DDD,BENIGN
1100,Chr14(GRCh37):g.89338702A>G,DDD,PATHOGENIC
1101,Chr14(GRCh37):g.102446848A>C,DDD,PATHOGENIC
1102,Chr14(GRCh37):g.102452177T>G,DDD,PATHOGENIC
1103,Chr14(GRCh37):g.102457927T>C,DDD,PATHOGENIC
1104,Chr14(GRCh37):g.102461335G>A,DDD,PATHOGENIC
1105,Chr14(GRCh37):g.102461359C>T,DDD,PATHOGENIC
1106,Chr14(GRCh37):g.102461384G>A,ACMG,PATHOGENIC
1107,Chr14(GRCh37):g.102463410G>C,DDD,PATHOGENIC
1108,Chr14(GRCh37):g.102466348C>A,DDD,PATHOGENIC
1109,Chr14(GRCh37):g.102467512G>A,DDD,PATHOGENIC
1110,Chr14(GRCh37):g.102467555T>G,DDD,PATHOGENIC
1111,Chr14(GRCh37):g.102472436C>A,DDD,PATHOGENIC
1112,Chr14(GRCh37):g.102473420A>T,DDD,PATHOGENIC
1113,Chr14(GRCh37):g.102476348T>C,DDD,PATHOGENIC
1114,Chr14(GRCh37):g.102483287G>T,DDD,PATHOGENIC
1115,Chr14(GRCh37):g.102494139C>T,DDD,BENIGN
1116,Chr14(GRCh37):g.102500320G>C,ACMG,PATHOGENIC
1117,Chr14(GRCh37):g.102500473G>A,DDD,PATHOGENIC
1118,Chr14(GRCh37):g.102502849C>A,DDD,PATHOGENIC
1119,Chr14(GRCh37):g.102504903C>T,DDD,PATHOGENIC
1120,Chr14(GRCh37):g.105238749G>A,DDD,BENIGN
1121,Chr14(GRCh37):g.105239673G>A,DDD,PATHOGENIC
1122,Chr14(GRCh37):g.105243045A>C,DDD,PATHOGENIC
1123,Chr15(GRCh37):g.26806242A>G,DDD,PATHOGENIC
1124,Chr15(GRCh37):g.26812874T>C,DDD,PATHOGENIC
1125,Chr15(GRCh37):g.26812875A>G,DDD,PATHOGENIC
1126,Chr15(GRCh37):g.31318390T>C,Amish,BENIGN
1127,Chr15(GRCh37):g.40707168G>A,DDD,PATHOGENIC
1128,Chr15(GRCh37):g.43895519T>G,Amish,BENIGN
1129,Chr15(GRCh37):g.48713824T>A,DDD,BENIGN
1130,Chr15(GRCh37):g.48733963A>G,DDD,PATHOGENIC
1131,Chr15(GRCh37):g.48738953T>C,DDD,PATHOGENIC
1132,Chr15(GRCh37):g.48741058A>G,DDD,PATHOGENIC
1133,Chr15(GRCh37):g.48755320G>A,DDD,PATHOGENIC
1134,Chr15(GRCh37):g.48755407T>C,DDD,PATHOGENIC
1135,Chr15(GRCh37):g.48760194C>G,DDD,BENIGN
1136,Chr15(GRCh37):g.48760713T>C,DDD,BENIGN
1137,Chr15(GRCh37):g.48797306C>A,DDD,PATHOGENIC
1138,Chr15(GRCh37):g.48905270G>A,DDD,PATHOGENIC
1139,Chr15(GRCh37):g.49030501G>A,DDD,BENIGN
1140,Chr15(GRCh37):g.49033814G>C,DDD,PATHOGENIC
1141,Chr15(GRCh37):g.49060434T>C,DDD,PATHOGENIC
1142,Chr15(GRCh37):g.52643531C>T,Amish,BENIGN
1143,Chr15(GRCh37):g.57524938C>T,DDD,BENIGN
1144,Chr15(GRCh37):g.57554382C>G,DDD,BENIGN
1145,Chr15(GRCh37):g.66727483G>A,DDD,PATHOGENIC
1146,Chr15(GRCh37):g.66729115G>T,DDD,PATHOGENIC
1147,Chr15(GRCh37):g.66729163C>T,DDD,PATHOGENIC
1148,Chr15(GRCh37):g.67477070G>T,DDD,PATHOGENIC
1149,Chr15(GRCh37):g.67482774C>A,DDD,BENIGN
1150,Chr15(GRCh37):g.93499821C>T,DDD,PATHOGENIC
1151,Chr15(GRCh37):g.96875621G>T,DDD,PATHOGENIC
1152,Chr15(GRCh37):g.99491856A>T,DDD,BENIGN
1153,Chr15(GRCh37):g.99500622G>A,DDD,BENIGN
1154,Chr15(GRCh37):g.101438381G>T,DDD,PATHOGENIC
1155,Chr15(GRCh37):g.101448614A>T,DDD,PATHOGENIC
1156,Chr16(GRCh37):g.1245483A>T,Amish,BENIGN
1157,Chr16(GRCh37):g.1506165C>T,DDD,BENIGN
1158,Chr16(GRCh37):g.1552064C>T,DDD,BENIGN
1159,Chr16(GRCh37):g.2104408G>A,DDD,PATHOGENIC
1160,Chr16(GRCh37):g.2107157A>G,DDD,BENIGN
1161,Chr16(GRCh37):g.2347515G>A,Amish,BENIGN
1162,Chr16(GRCh37):g.3779148T>C,DDD,BENIGN
1163,Chr16(GRCh37):g.3779446G>A,DDD,PATHOGENIC
1164,Chr16(GRCh37):g.3779448C>T,DDD,BENIGN
1165,Chr16(GRCh37):g.3779449G>A,DDD,PATHOGENIC
1166,Chr16(GRCh37):g.3779563G>C,DDD,PATHOGENIC
1167,Chr16(GRCh37):g.3779570G>C,DDD,PATHOGENIC
1168,Chr16(GRCh37):g.3779682T>C,DDD,PATHOGENIC
1169,Chr16(GRCh37):g.3779686C>T,DDD,PATHOGENIC
1170,Chr16(GRCh37):g.3779836G>T,DDD,PATHOGENIC
1171,Chr16(GRCh37):g.3781237A>T,DDD,PATHOGENIC
1172,Chr16(GRCh37):g.3781471A>C,DDD,PATHOGENIC
1173,Chr16(GRCh37):g.3781900G>C,DDD,PATHOGENIC
1174,Chr16(GRCh37):g.3786141C>G,DDD,PATHOGENIC
1175,Chr16(GRCh37):g.3786769T>C,DDD,PATHOGENIC
1176,Chr16(GRCh37):g.3786790C>A,DDD,PATHOGENIC
1177,Chr16(GRCh37):g.3788657A>G,DDD,PATHOGENIC
1178,Chr16(GRCh37):g.3789635G>C,DDD,PATHOGENIC
1179,Chr16(GRCh37):g.3795291T>G,DDD,BENIGN
1180,Chr16(GRCh37):g.3795325C>G,DDD,BENIGN
1181,Chr16(GRCh37):g.3799632C>T,DDD,PATHOGENIC
1182,Chr16(GRCh37):g.3807919T>C,DDD,PATHOGENIC
1183,Chr16(GRCh37):g.3828173T>C,DDD,PATHOGENIC
1184,Chr16(GRCh37):g.3828768C>T,DDD,PATHOGENIC
1185,Chr16(GRCh37):g.3900847G>C,DDD,BENIGN
1186,Chr16(GRCh37):g.9857073C>T,DDD,BENIGN
1187,Chr16(GRCh37):g.9857299G>A,DDD,PATHOGENIC
1188,Chr16(GRCh37):g.9862854T>C,DDD,PATHOGENIC
1189,Chr16(GRCh37):g.9923330T>C,DDD,PATHOGENIC
1190,Chr16(GRCh37):g.9923440G>A,DDD,PATHOGENIC
1191,Chr16(GRCh37):g.16248755C>T,ACMG,PATHOGENIC
1192,Chr16(GRCh37):g.16256943C>T,ACMG,PATHOGENIC
1193,Chr16(GRCh37):g.16256967G>A,ACMG,PATHOGENIC
1194,Chr16(GRCh37):g.16259595C>G,ACMG,PATHOGENIC
1195,Chr16(GRCh37):g.16259598A>C,ACMG,PATHOGENIC
1196,Chr16(GRCh37):g.16272792G>A,ACMG,PATHOGENIC
1197,Chr16(GRCh37):g.16295863T>C,DDD,BENIGN
1198,Chr16(GRCh37):g.16295943G>C,ACMG,PATHOGENIC
1199,Chr16(GRCh37):g.17292204G>A,DDD,BENIGN
1200,Chr16(GRCh37):g.23555992C>T,ACMG,PATHOGENIC
1201,Chr16(GRCh37):g.23555998G>A,ACMG,PATHOGENIC
1202,Chr16(GRCh37):g.28500649T>C,DDD,PATHOGENIC
1203,Chr16(GRCh37):g.29810459G>T,DDD,BENIGN
1204,Chr16(GRCh37):g.29810591C>G,DDD,BENIGN
1205,Chr16(GRCh37):g.29816211T>G,DDD,BENIGN
1206,Chr16(GRCh37):g.29825730T>C,DDD,BENIGN
1207,Chr16(GRCh37):g.30718647C>G,DDD,BENIGN
1208,Chr16(GRCh37):g.30721265A>G,DDD,BENIGN
1209,Chr16(GRCh37):g.30732182C>G,DDD,BENIGN
1210,Chr16(GRCh37):g.30732258T>C,DDD,PATHOGENIC
1211,Chr16(GRCh37):g.30749144G>A,DDD,BENIGN
1212,Chr16(GRCh37):g.30750201A>C,DDD,BENIGN
1213,Chr16(GRCh37):g.30750390C>A,DDD,BENIGN
1214,Chr16(GRCh37):g.51172838C>A,DDD,BENIGN
1215,Chr16(GRCh37):g.51173308G>T,DDD,PATHOGENIC
1216,Chr16(GRCh37):g.51175270T>C,DDD,BENIGN
1217,Chr16(GRCh37):g.53686702A>G,DDD,PATHOGENIC
1218,Chr16(GRCh37):g.56309901T>G,DDD,PATHOGENIC
1219,Chr16(GRCh37):g.56370674C>T,DDD,PATHOGENIC
1220,Chr16(GRCh37):g.56545126C>T,DDD,PATHOGENIC
1221,Chr16(GRCh37):g.67654615C>T,DDD,PATHOGENIC
1222,Chr16(GRCh37):g.67654646C>T,DDD,PATHOGENIC
1223,Chr16(GRCh37):g.68390608G>A,Amish,BENIGN
1224,Chr16(GRCh37):g.68842602T>G,DDD,PATHOGENIC
1225,Chr16(GRCh37):g.70548243T>C,Amish,BENIGN
1226,Chr16(GRCh37):g.79632907T>A,DDD,PATHOGENIC
1227,Chr16(GRCh37):g.79632908T>A,DDD,PATHOGENIC
1228,Chr16(GRCh37):g.79633616T>G,DDD,PATHOGENIC
1229,Chr16(GRCh37):g.86601069G>A,DDD,BENIGN
1230,Chr16(GRCh37):g.86601237A>G,DDD,PATHOGENIC
1231,Chr16(GRCh37):g.89341503G>A,DDD,PATHOGENIC
1232,Chr16(GRCh37):g.89341506C>T,DDD,PATHOGENIC
1233,Chr16(GRCh37):g.89347661C>A,DDD,BENIGN
1234,Chr16(GRCh37):g.89349516C>G,DDD,BENIGN
1235,Chr16(GRCh37):g.89350104C>A,DDD,BENIGN
1236,Chr16(GRCh37):g.89825107G>C,DDD,BENIGN
1237,Chr16(GRCh37):g.90001151G>A,DDD,PATHOGENIC
1238,Chr16(GRCh37):g.90001505A>G,DDD,PATHOGENIC
1239,Chr16(GRCh37):g.90001548C>T,DDD,PATHOGENIC
1240,Chr16(GRCh37):g.90001622G>A,DDD,PATHOGENIC
1241,Chr16(GRCh37):g.90001644G>A,ACMG,PATHOGENIC
1242,Chr16(GRCh37):g.90001721G>A,DDD,PATHOGENIC
1243,Chr16(GRCh37):g.90002022T>C,DDD,PATHOGENIC
1244,Chr16(GRCh37):g.90002087G>A,DDD,PATHOGENIC
1245,Chr17(GRCh37):g.6337280T>A,ACMG,PATHOGENIC
1246,Chr17(GRCh37):g.10535794T>C,DDD,PATHOGENIC
1247,Chr17(GRCh37):g.10544635G>A,DDD,PATHOGENIC
1248,Chr17(GRCh37):g.10545737C>A,DDD,BENIGN
1249,Chr17(GRCh37):g.10550528A>C,DDD,PATHOGENIC
1250,Chr17(GRCh37):g.10551908G>T,ACMG,PATHOGENIC
1251,Chr17(GRCh37):g.16843009G>A,DDD,BENIGN
1252,Chr17(GRCh37):g.16843729G>T,DDD,BENIGN
1253,Chr17(GRCh37):g.16852187A>G,DDD,BENIGN
1254,Chr17(GRCh37):g.17699015G>A,DDD,BENIGN
1255,Chr17(GRCh37):g.17699606T>G,DDD,BENIGN
1256,Chr17(GRCh37):g.18046138G>A,DDD,PATHOGENIC
1257,Chr17(GRCh37):g.27064442G>A,DDD,PATHOGENIC
1258,Chr17(GRCh37):g.27064957T>G,DDD,PATHOGENIC
1259,Chr17(GRCh37):g.27581345C>G,DDD,PATHOGENIC
1260,Chr17(GRCh37):g.29509609A>G,DDD,BENIGN
1261,Chr17(GRCh37):g.29557865A>C,DDD,PATHOGENIC
1262,Chr17(GRCh37):g.29560068T>A,DDD,PATHOGENIC
1263,Chr17(GRCh37):g.29562716G>C,DDD,BENIGN
1264,Chr17(GRCh37):g.29562761G>A,DDD,BENIGN
1265,Chr17(GRCh37):g.29562973C>T,DDD,BENIGN
1266,Chr17(GRCh37):g.29653076T>G,DDD,BENIGN
1267,Chr17(GRCh37):g.29653081T>G,DDD,BENIGN
1268,Chr17(GRCh37):g.29654736C>T,DDD,PATHOGENIC
1269,Chr17(GRCh37):g.29661926G>C,DDD,BENIGN
1270,Chr17(GRCh37):g.33902899A>G,ACMG,PATHOGENIC
1271,Chr17(GRCh37):g.36059141T>C,ACMG,BENIGN
1272,Chr17(GRCh37):g.36093645C>G,ACMG,PATHOGENIC
1273,Chr17(GRCh37):g.36895854G>A,DDD,PATHOGENIC
1274,Chr17(GRCh37):g.37840962G>A,DDD,PATHOGENIC
1275,Chr17(GRCh37):g.38244592T>C,DDD,PATHOGENIC
1276,Chr17(GRCh37):g.42929088C>T,ACMG,PATHOGENIC
1277,Chr17(GRCh37):g.42930943C>T,DDD,BENIGN
1278,Chr17(GRCh37):g.42931646A>G,ACMG,PATHOGENIC
1279,Chr17(GRCh37):g.42931982G>T,DDD,BENIGN
1280,Chr17(GRCh37):g.42937867A>G,ACMG,PATHOGENIC
1281,Chr17(GRCh37):g.42949852G>A,DDD,BENIGN
1282,Chr17(GRCh37):g.42953387G>A,DDD,PATHOGENIC
1283,Chr17(GRCh37):g.42957006C>T,DDD,PATHOGENIC
1284,Chr17(GRCh37):g.42992593G>A,ACMG,PATHOGENIC
1285,Chr17(GRCh37):g.44248467C>T,DDD,BENIGN
1286,Chr17(GRCh37):g.48271350C>T,DDD,BENIGN
1287,Chr17(GRCh37):g.48276603G>C,DDD,BENIGN
1288,Chr17(GRCh37):g.48676795G>A,Amish,BENIGN
1289,Chr17(GRCh37):g.48677099G>C,Amish,BENIGN
1290,Chr17(GRCh37):g.48703745G>A,Amish,BENIGN
1291,Chr17(GRCh37):g.48704026G>A,Amish,BENIGN
1292,Chr17(GRCh37):g.54672093C>T,DDD,PATHOGENIC
1293,Chr17(GRCh37):g.59557656T>G,DDD,BENIGN
1294,Chr17(GRCh37):g.62018378C>A,DDD,BENIGN
1295,Chr17(GRCh37):g.62018592T>G,DDD,BENIGN
1296,Chr17(GRCh37):g.62018878G>C,DDD,BENIGN
1297,Chr17(GRCh37):g.62020258C>A,DDD,BENIGN
1298,Chr17(GRCh37):g.62028876T>A,DDD,BENIGN
1299,Chr17(GRCh37):g.66519911A>G,DDD,BENIGN
1300,Chr17(GRCh37):g.66526439A>G,ACMG,PATHOGENIC
1301,Chr17(GRCh37):g.70118906C>G,DDD,PATHOGENIC
1302,Chr17(GRCh37):g.70118937C>G,ACMG,PATHOGENIC
1303,Chr17(GRCh37):g.71196139C>T,DDD,BENIGN
1304,Chr17(GRCh37):g.73518125G>C,DDD,BENIGN
1305,Chr17(GRCh37):g.78055376G>A,Amish,BENIGN
1306,Chr17(GRCh37):g.78172347C>T,DDD,BENIGN
1307,Chr17(GRCh37):g.79477793T>G,DDD,PATHOGENIC
1308,Chr17(GRCh37):g.79477798A>G,DDD,PATHOGENIC
1309,Chr17(GRCh37):g.79478442T>A,DDD,PATHOGENIC
1310,Chr17(GRCh37):g.80789322G>T,DDD,BENIGN
1311,Chr17(GRCh37):g.80790038A>C,DDD,BENIGN
1312,Chr17(GRCh37):g.80842061T>G,ACMG,PATHOGENIC
1313,Chr18(GRCh37):g.2667009A>T,DDD,PATHOGENIC
1314,Chr18(GRCh37):g.2697047A>G,DDD,PATHOGENIC
1315,Chr18(GRCh37):g.3457679C>T,DDD,BENIGN
1316,Chr18(GRCh37):g.19761507A>G,ACMG,PATHOGENIC
1317,Chr18(GRCh37):g.19761528A>G,ACMG,PATHOGENIC
1318,Chr18(GRCh37):g.28914021G>T,DDD,BENIGN
1319,Chr18(GRCh37):g.28934767G>A,DDD,BENIGN
1320,Chr18(GRCh37):g.31320165C>T,DDD,BENIGN
1321,Chr18(GRCh37):g.42531175A>G,DDD,BENIGN
1322,Chr18(GRCh37):g.42531866C>G,DDD,PATHOGENIC
1323,Chr18(GRCh37):g.42531877G>A,DDD,PATHOGENIC
1324,Chr18(GRCh37):g.42531913G>A,ACMG,PATHOGENIC
1325,Chr18(GRCh37):g.42531914G>A,DDD,PATHOGENIC
1326,Chr18(GRCh37):g.43447589A>G,DDD,PATHOGENIC
1327,Chr18(GRCh37):g.47363917A>G,Amish,BENIGN
1328,Chr18(GRCh37):g.48575195C>T,DDD,PATHOGENIC
1329,Chr18(GRCh37):g.48604676A>G,DDD,PATHOGENIC
1330,Chr18(GRCh37):g.52896116G>A,DDD,PATHOGENIC
1331,Chr18(GRCh37):g.52896230C>T,DDD,PATHOGENIC
1332,Chr18(GRCh37):g.52899785T>C,DDD,PATHOGENIC
1333,Chr18(GRCh37):g.52924546C>G,DDD,PATHOGENIC
1334,Chr18(GRCh37):g.52942880G>C,DDD,PATHOGENIC
1335,Chr18(GRCh37):g.56936571C>T,DDD,BENIGN
1336,Chr18(GRCh37):g.59810570A>C,DDD,PATHOGENIC
1337,Chr18(GRCh37):g.59814205C>G,DDD,PATHOGENIC
1338,Chr18(GRCh37):g.59824980G>A,DDD,PATHOGENIC
1339,Chr18(GRCh37):g.67684696A>G,DDD,PATHOGENIC
1340,Chr19(GRCh37):g.1105690G>A,DDD,BENIGN
1341,Chr19(GRCh37):g.3110171C>T,ACMG,PATHOGENIC
1342,Chr19(GRCh37):g.3110188C>T,ACMG,PATHOGENIC
1343,Chr19(GRCh37):g.3110189G>A,ACMG,PATHOGENIC
1344,Chr19(GRCh37):g.3113410T>G,DDD,BENIGN
1345,Chr19(GRCh37):g.3121115G>A,ACMG,PATHOGENIC
1346,Chr19(GRCh37):g.4095446G>A,DDD,BENIGN
1347,Chr19(GRCh37):g.6495282C>T,DDD,PATHOGENIC
1348,Chr19(GRCh37):g.6495348T>C,DDD,PATHOGENIC
1349,Chr19(GRCh37):g.6502220G>A,DDD,PATHOGENIC
1350,Chr19(GRCh37):g.7120751A>T,ACMG,PATHOGENIC
1351,Chr19(GRCh37):g.7122683A>C,ACMG,PATHOGENIC
1352,Chr19(GRCh37):g.7122903C>T,ACMG,PATHOGENIC
1353,Chr19(GRCh37):g.7125388G>A,ACMG,PATHOGENIC
1354,Chr19(GRCh37):g.7132241G>C,ACMG,PATHOGENIC
1355,Chr19(GRCh37):g.7184387A>T,ACMG,PATHOGENIC
1356,Chr19(GRCh37):g.7184535G>A,ACMG,PATHOGENIC
1357,Chr19(GRCh37):g.7184595G>A,ACMG,PATHOGENIC
1358,Chr19(GRCh37):g.7594571G>C,DDD,PATHOGENIC
1359,Chr19(GRCh37):g.11100042G>A,DDD,PATHOGENIC
1360,Chr19(GRCh37):g.11101951G>C,DDD,PATHOGENIC
1361,Chr19(GRCh37):g.11129674C>T,DDD,PATHOGENIC
1362,Chr19(GRCh37):g.11132405G>A,DDD,BENIGN
1363,Chr19(GRCh37):g.11134267G>A,DDD,PATHOGENIC
1364,Chr19(GRCh37):g.11136144G>T,DDD,PATHOGENIC
1365,Chr19(GRCh37):g.11143988C>T,DDD,PATHOGENIC
1366,Chr19(GRCh37):g.11144026C>T,DDD,PATHOGENIC
1367,Chr19(GRCh37):g.11311134G>A,DDD,BENIGN
1368,Chr19(GRCh37):g.11361753G>A,DDD,BENIGN
1369,Chr19(GRCh37):g.12996586A>G,DDD,BENIGN
1370,Chr19(GRCh37):g.13135920G>T,DDD,PATHOGENIC
1371,Chr19(GRCh37):g.13135989T>C,DDD,PATHOGENIC
1372,Chr19(GRCh37):g.13136153C>G,DDD,PATHOGENIC
1373,Chr19(GRCh37):g.13136153C>T,DDD,PATHOGENIC
1374,Chr19(GRCh37):g.13136154G>A,DDD,PATHOGENIC
1375,Chr19(GRCh37):g.13372340C>T,DDD,PATHOGENIC
1376,Chr19(GRCh37):g.13387885T>C,ACMG,PATHOGENIC
1377,Chr19(GRCh37):g.15289665C>A,ACMG,BENIGN
1378,Chr19(GRCh37):g.15290279C>T,ACMG,PATHOGENIC
1379,Chr19(GRCh37):g.15291550C>G,ACMG,PATHOGENIC
1380,Chr19(GRCh37):g.15291834T>G,ACMG,BENIGN
1381,Chr19(GRCh37):g.15300140C>A,ACMG,PATHOGENIC
1382,Chr19(GRCh37):g.15302340A>T,ACMG,PATHOGENIC
1383,Chr19(GRCh37):g.15303289T>G,ACMG,PATHOGENIC
1384,Chr19(GRCh37):g.18897414G>T,DDD,BENIGN
1385,Chr19(GRCh37):g.18899268T>A,DDD,PATHOGENIC
1386,Chr19(GRCh37):g.18899667G>T,DDD,BENIGN
1387,Chr19(GRCh37):g.36210419C>T,Amish,BENIGN
1388,Chr19(GRCh37):g.36333296G>A,DDD,PATHOGENIC
1389,Chr19(GRCh37):g.36341311T>A,DDD,BENIGN
1390,Chr19(GRCh37):g.38990639T>C,ACMG,PATHOGENIC
1391,Chr19(GRCh37):g.39001402G>C,ACMG,PATHOGENIC
1392,Chr19(GRCh37):g.39070680T>A,ACMG,PATHOGENIC
1393,Chr19(GRCh37):g.39997739G>A,ACMG,PATHOGENIC
1394,Chr19(GRCh37):g.39997831T>C,ACMG,PATHOGENIC
1395,Chr19(GRCh37):g.39997852G>C,ACMG,PATHOGENIC
1396,Chr19(GRCh37):g.42474565A>T,DDD,PATHOGENIC
1397,Chr19(GRCh37):g.42474691C>T,DDD,PATHOGENIC
1398,Chr19(GRCh37):g.42479882C>T,DDD,PATHOGENIC
1399,Chr19(GRCh37):g.42479928C>T,DDD,PATHOGENIC
1400,Chr19(GRCh37):g.42489096G>A,DDD,PATHOGENIC
1401,Chr19(GRCh37):g.42489099C>T,DDD,PATHOGENIC
1402,Chr19(GRCh37):g.42489105C>T,DDD,PATHOGENIC
1403,Chr19(GRCh37):g.42489164G>A,DDD,BENIGN
1404,Chr19(GRCh37):g.42492179C>G,DDD,PATHOGENIC
1405,Chr19(GRCh37):g.42752762G>A,DDD,BENIGN
1406,Chr19(GRCh37):g.42754086T>C,DDD,PATHOGENIC
1407,Chr19(GRCh37):g.42754484G>A,DDD,PATHOGENIC
1408,Chr19(GRCh37):g.42754493G>A,DDD,PATHOGENIC
1409,Chr19(GRCh37):g.42754583C>T,DDD,PATHOGENIC
1410,Chr19(GRCh37):g.46270372C>T,DDD,BENIGN
1411,Chr19(GRCh37):g.46271870G>A,DDD,BENIGN
1412,Chr19(GRCh37):g.46280634T>C,DDD,BENIGN
1413,Chr19(GRCh37):g.46280932T>C,DDD,BENIGN
1414,Chr19(GRCh37):g.50831882G>A,DDD,BENIGN
1415,Chr19(GRCh37):g.52715971C>T,DDD,PATHOGENIC
1416,Chr19(GRCh37):g.52715979C>T,DDD,PATHOGENIC
1417,Chr19(GRCh37):g.52716214G>A,ACMG,PATHOGENIC
1418,Chr19(GRCh37):g.54646887G>C,DDD,PATHOGENIC
1419,Chr19(GRCh37):g.54649412C>T,DDD,PATHOGENIC
1420,Chr20(GRCh37):g.472926T>C,DDD,PATHOGENIC
1421,Chr20(GRCh37):g.472997T>C,DDD,PATHOGENIC
1422,Chr20(GRCh37):g.9318679C>T,DDD,BENIGN
1423,Chr20(GRCh37):g.9370598C>G,DDD,BENIGN
1424,Chr20(GRCh37):g.9449313G>T,DDD,BENIGN
1425,Chr20(GRCh37):g.10639235T>C,ACMG,PATHOGENIC
1426,Chr20(GRCh37):g.10639259C>G,ACMG,PATHOGENIC
1427,Chr20(GRCh37):g.10653511G>T,ACMG,PATHOGENIC
1428,Chr20(GRCh37):g.31019248G>C,DDD,BENIGN
1429,Chr20(GRCh37):g.43036089G>T,ACMG,PATHOGENIC
1430,Chr20(GRCh37):g.43036101G>A,ACMG,PATHOGENIC
1431,Chr20(GRCh37):g.43042355G>A,ACMG,PATHOGENIC
1432,Chr20(GRCh37):g.43043250T>A,ACMG,PATHOGENIC
1433,Chr20(GRCh37):g.43047084A>G,ACMG,PATHOGENIC
1434,Chr20(GRCh37):g.43047107G>A,ACMG,PATHOGENIC
1435,Chr20(GRCh37):g.43048471G>A,DDD,BENIGN
1436,Chr20(GRCh37):g.43052757G>A,ACMG,PATHOGENIC
1437,Chr20(GRCh37):g.43052757G>T,ACMG,PATHOGENIC
1438,Chr20(GRCh37):g.43052769G>T,ACMG,PATHOGENIC
1439,Chr20(GRCh37):g.43052871T>C,ACMG,PATHOGENIC
1440,Chr20(GRCh37):g.43058189C>T,ACMG,BENIGN
1441,Chr20(GRCh37):g.44054311G>A,DDD,PATHOGENIC
1442,Chr20(GRCh37):g.47990924T>G,DDD,PATHOGENIC
1443,Chr20(GRCh37):g.47991133A>G,DDD,BENIGN
1444,Chr20(GRCh37):g.50401008C>A,DDD,BENIGN
1445,Chr20(GRCh37):g.50405509T>C,DDD,BENIGN
1446,Chr20(GRCh37):g.50405536T>G,DDD,BENIGN
1447,Chr20(GRCh37):g.52779298C>A,Amish,BENIGN
1448,Chr20(GRCh37):g.57428716G>T,DDD,BENIGN
1449,Chr20(GRCh37):g.57428717G>C,DDD,BENIGN
1450,Chr20(GRCh37):g.57429583C>A,DDD,BENIGN
1451,Chr20(GRCh37):g.57429728G>A,DDD,BENIGN
1452,Chr20(GRCh37):g.57470690A>G,DDD,PATHOGENIC
1453,Chr20(GRCh37):g.57478731T>C,DDD,PATHOGENIC
1454,Chr20(GRCh37):g.57484607C>T,DDD,PATHOGENIC
1455,Chr20(GRCh37):g.57484795G>C,DDD,PATHOGENIC
1456,Chr20(GRCh37):g.57485013C>T,DDD,BENIGN
1457,Chr20(GRCh37):g.61467618C>G,DDD,BENIGN
1458,Chr20(GRCh37):g.61981084A>G,DDD,BENIGN
1459,Chr20(GRCh37):g.61982233A>G,DDD,BENIGN
1460,Chr20(GRCh37):g.61992493G>A,DDD,BENIGN
1461,Chr20(GRCh37):g.62044885G>A,DDD,PATHOGENIC
1462,Chr20(GRCh37):g.62045460C>T,DDD,BENIGN
1463,Chr20(GRCh37):g.62069997G>A,DDD,PATHOGENIC
1464,Chr20(GRCh37):g.62070004G>A,DDD,PATHOGENIC
1465,Chr20(GRCh37):g.62070961G>A,DDD,PATHOGENIC
1466,Chr20(GRCh37):g.62070967A>G,DDD,PATHOGENIC
1467,Chr20(GRCh37):g.62071005C>A,DDD,PATHOGENIC
1468,Chr20(GRCh37):g.62071009C>T,DDD,PATHOGENIC
1469,Chr20(GRCh37):g.62071018G>A,DDD,PATHOGENIC
1470,Chr20(GRCh37):g.62071024G>C,ACMG,PATHOGENIC
1471,Chr20(GRCh37):g.62071028A>G,DDD,PATHOGENIC
1472,Chr20(GRCh37):g.62071032G>C,DDD,PATHOGENIC
1473,Chr20(GRCh37):g.62071037C>T,DDD,PATHOGENIC
1474,Chr20(GRCh37):g.62073782C>T,DDD,PATHOGENIC
1475,Chr20(GRCh37):g.62073787G>A,DDD,PATHOGENIC
1476,Chr20(GRCh37):g.62076019T>C,DDD,PATHOGENIC
1477,Chr20(GRCh37):g.62076061C>T,DDD,PATHOGENIC
1478,Chr20(GRCh37):g.62076101G>A,DDD,PATHOGENIC
1479,Chr20(GRCh37):g.62076674C>T,DDD,PATHOGENIC
1480,Chr20(GRCh37):g.62076675G>A,DDD,PATHOGENIC
1481,Chr20(GRCh37):g.62076675G>C,DDD,PATHOGENIC
1482,Chr20(GRCh37):g.62078167A>T,DDD,PATHOGENIC
1483,Chr20(GRCh37):g.62127262C>T,DDD,PATHOGENIC
1484,Chr21(GRCh37):g.37833740A>T,ACMG,PATHOGENIC
1485,Chr21(GRCh37):g.38858872T>C,DDD,PATHOGENIC
1486,Chr21(GRCh37):g.38862641G>C,DDD,PATHOGENIC
1487,Chr21(GRCh37):g.38862672A>T,DDD,PATHOGENIC
1488,Chr21(GRCh37):g.38865395A>T,DDD,PATHOGENIC
1489,Chr21(GRCh37):g.38865403T>C,DDD,PATHOGENIC
1490,Chr21(GRCh37):g.38877746G>A,DDD,PATHOGENIC
1491,Chr21(GRCh37):g.44592215G>A,DDD,PATHOGENIC
1492,Chr21(GRCh37):g.44592365A>G,DDD,BENIGN
1493,Chr21(GRCh37):g.44838346G>C,DDD,BENIGN
1494,Chr21(GRCh37):g.46908356A>C,DDD,BENIGN
1495,Chr21(GRCh37):g.47406862C>T,DDD,BENIGN
1496,Chr21(GRCh37):g.47409531G>A,DDD,PATHOGENIC
1497,Chr21(GRCh37):g.47417620A>G,DDD,BENIGN
1498,Chr21(GRCh37):g.47421174G>T,DDD,BENIGN
1499,Chr21(GRCh37):g.47421288C>A,DDD,BENIGN
1500,Chr21(GRCh37):g.47776985A>G,DDD,BENIGN
1501,Chr22(GRCh37):g.21344765G>A,ACMG,PATHOGENIC
1502,Chr22(GRCh37):g.24159112G>A,DDD,BENIGN
1503,Chr22(GRCh37):g.24175868C>T,DDD,PATHOGENIC
1504,Chr22(GRCh37):g.24175872A>G,DDD,PATHOGENIC
1505,Chr22(GRCh37):g.24718125G>A,DDD,BENIGN
1506,Chr22(GRCh37):g.24718518G>A,DDD,PATHOGENIC
1507,Chr22(GRCh37):g.24730379C>G,DDD,BENIGN
1508,Chr22(GRCh37):g.26168388C>T,ACMG,PATHOGENIC
1509,Chr22(GRCh37):g.27019300A>G,DDD,BENIGN
1510,Chr22(GRCh37):g.32289627G>A,DDD,BENIGN
1511,Chr22(GRCh37):g.32302041T>C,DDD,BENIGN
1512,Chr22(GRCh37):g.32464529G>A,ACMG,PATHOGENIC
1513,Chr22(GRCh37):g.32495289T>C,ACMG,PATHOGENIC
1514,Chr22(GRCh37):g.32498017T>G,ACMG,PATHOGENIC
1515,Chr22(GRCh37):g.36680187G>A,DDD,BENIGN
1516,Chr22(GRCh37):g.36680211C>T,DDD,BENIGN
1517,Chr22(GRCh37):g.36681953C>T,DDD,BENIGN
1518,Chr22(GRCh37):g.36690281C>T,DDD,BENIGN
1519,Chr22(GRCh37):g.36700143A>C,DDD,BENIGN
1520,Chr22(GRCh37):g.36710237C>T,DDD,BENIGN
1521,Chr22(GRCh37):g.38379397G>A,ACMG,PATHOGENIC
1522,Chr22(GRCh37):g.38516874T>G,DDD,PATHOGENIC
1523,Chr22(GRCh37):g.41527512A>T,DDD,PATHOGENIC
1524,Chr22(GRCh37):g.41560092A>G,DDD,PATHOGENIC
1525,Chr22(GRCh37):g.41562653A>G,DDD,PATHOGENIC
1526,Chr22(GRCh37):g.41572254T>G,DDD,PATHOGENIC
1527,Chr22(GRCh37):g.41572477C>G,DDD,BENIGN
1528,Chr22(GRCh37):g.41573186A>C,DDD,PATHOGENIC
1529,Chr22(GRCh37):g.41573743A>G,DDD,BENIGN
1530,ChrX(GRCh37):g.2852911G>A,ACMG,PATHOGENIC
1531,ChrX(GRCh37):g.2873509C>A,ACMG,PATHOGENIC
1532,ChrX(GRCh37):g.10427733T>A,ACMG,PATHOGENIC
1533,ChrX(GRCh37):g.11136667A>G,DDD,BENIGN
1534,ChrX(GRCh37):g.14863151G>A,DDD,BENIGN
1535,ChrX(GRCh37):g.15349697C>T,DDD,PATHOGENIC
1536,ChrX(GRCh37):g.15349757T>C,DDD,BENIGN
1537,ChrX(GRCh37):g.15349760T>G,DDD,PATHOGENIC
1538,ChrX(GRCh37):g.17705978C>T,DDD,BENIGN
1539,ChrX(GRCh37):g.17743467A>T,DDD,BENIGN
1540,ChrX(GRCh37):g.17743609A>T,DDD,BENIGN
1541,ChrX(GRCh37):g.17744489A>G,DDD,BENIGN
1542,ChrX(GRCh37):g.17745785A>G,DDD,BENIGN
1543,ChrX(GRCh37):g.18582601C>T,DDD,PATHOGENIC
1544,ChrX(GRCh37):g.18602436G>A,DDD,PATHOGENIC
1545,ChrX(GRCh37):g.18602452G>C,DDD,PATHOGENIC
1546,ChrX(GRCh37):g.18606112G>A,DDD,PATHOGENIC
1547,ChrX(GRCh37):g.18606145C>G,DDD,PATHOGENIC
1548,ChrX(GRCh37):g.19371211G>A,DDD,PATHOGENIC
1549,ChrX(GRCh37):g.19371236C>T,DDD,PATHOGENIC
1550,ChrX(GRCh37):g.20185822A>G,DDD,BENIGN
1551,ChrX(GRCh37):g.20190934A>G,DDD,PATHOGENIC
1552,ChrX(GRCh37):g.21985430G>A,DDD,PATHOGENIC
1553,ChrX(GRCh37):g.21995184C>T,DDD,PATHOGENIC
1554,ChrX(GRCh37):g.22208575C>T,ACMG,PATHOGENIC
1555,ChrX(GRCh37):g.22244589T>G,ACMG,PATHOGENIC
1556,ChrX(GRCh37):g.22244602G>A,ACMG,PATHOGENIC
1557,ChrX(GRCh37):g.22266011T>A,ACMG,PATHOGENIC
1558,ChrX(GRCh37):g.25022981C>G,DDD,BENIGN
1559,ChrX(GRCh37):g.32408267A>G,DDD,BENIGN
1560,ChrX(GRCh37):g.32509463G>C,DDD,BENIGN
1561,ChrX(GRCh37):g.32591705A>C,DDD,BENIGN
1562,ChrX(GRCh37):g.32716090T>C,DDD,BENIGN
1563,ChrX(GRCh37):g.32841501C>T,DDD,BENIGN
1564,ChrX(GRCh37):g.39921415G>A,DDD,BENIGN
1565,ChrX(GRCh37):g.39922912C>G,DDD,BENIGN
1566,ChrX(GRCh37):g.39932467G>A,DDD,BENIGN
1567,ChrX(GRCh37):g.39934025C>G,DDD,BENIGN
1568,ChrX(GRCh37):g.40999973G>A,DDD,BENIGN
1569,ChrX(GRCh37):g.41069824T>G,DDD,PATHOGENIC
1570,ChrX(GRCh37):g.41202566T>C,DDD,PATHOGENIC
1571,ChrX(GRCh37):g.41204533C>T,DDD,PATHOGENIC
1572,ChrX(GRCh37):g.41205861G>A,DDD,PATHOGENIC
1573,ChrX(GRCh37):g.41333728A>C,DDD,PATHOGENIC
1574,ChrX(GRCh37):g.41333941G>T,DDD,BENIGN
1575,ChrX(GRCh37):g.41412993G>A,DDD,PATHOGENIC
1576,ChrX(GRCh37):g.41413137G>A,DDD,PATHOGENIC
1577,ChrX(GRCh37):g.41419069A>G,DDD,BENIGN
1578,ChrX(GRCh37):g.41495850T>A,DDD,PATHOGENIC
1579,ChrX(GRCh37):g.41530728C>T,DDD,PATHOGENIC
1580,ChrX(GRCh37):g.41598639T>C,DDD,PATHOGENIC
1581,ChrX(GRCh37):g.41646533A>C,DDD,PATHOGENIC
1582,ChrX(GRCh37):g.41712463A>G,DDD,BENIGN
1583,ChrX(GRCh37):g.43515634C>A,DDD,BENIGN
1584,ChrX(GRCh37):g.43542820C>T,DDD,PATHOGENIC
1585,ChrX(GRCh37):g.44732857T>G,DDD,BENIGN
1586,ChrX(GRCh37):g.44820637G>C,ACMG,PATHOGENIC
1587,ChrX(GRCh37):g.44913200G>A,DDD,BENIGN
1588,ChrX(GRCh37):g.44929589C>G,DDD,BENIGN
1589,ChrX(GRCh37):g.44949107G>A,DDD,PATHOGENIC
1590,ChrX(GRCh37):g.47435567G>A,DDD,BENIGN
1591,ChrX(GRCh37):g.47464462G>A,DDD,PATHOGENIC
1592,ChrX(GRCh37):g.48336499C>T,DDD,PATHOGENIC
1593,ChrX(GRCh37):g.48371230C>T,DDD,BENIGN
1594,ChrX(GRCh37):g.48385557C>G,ACMG,PATHOGENIC
1595,ChrX(GRCh37):g.48386646A>C,ACMG,PATHOGENIC
1596,ChrX(GRCh37):g.48386766T>C,DDD,PATHOGENIC
1597,ChrX(GRCh37):g.48759755C>T,DDD,BENIGN
1598,ChrX(GRCh37):g.48760320C>T,DDD,BENIGN
1599,ChrX(GRCh37):g.49048097C>T,DDD,BENIGN
1600,ChrX(GRCh37):g.49108163T>C,ACMG,PATHOGENIC
1601,ChrX(GRCh37):g.49110464G>C,DDD,BENIGN
1602,ChrX(GRCh37):g.49113938G>T,DDD,BENIGN
1603,ChrX(GRCh37):g.51487224G>A,DDD,BENIGN
1604,ChrX(GRCh37):g.53223640G>A,DDD,PATHOGENIC
1605,ChrX(GRCh37):g.53239931C>T,DDD,PATHOGENIC
1606,ChrX(GRCh37):g.53239933T>C,DDD,PATHOGENIC
1607,ChrX(GRCh37):g.53265543C>G,DDD,PATHOGENIC
1608,ChrX(GRCh37):g.53270970A>G,DDD,PATHOGENIC
1609,ChrX(GRCh37):g.53276262T>G,DDD,PATHOGENIC
1610,ChrX(GRCh37):g.53277371G>A,DDD,PATHOGENIC
1611,ChrX(GRCh37):g.53432045G>A,DDD,PATHOGENIC
1612,ChrX(GRCh37):g.53438773G>C,DDD,PATHOGENIC
1613,ChrX(GRCh37):g.53439121C>T,DDD,PATHOGENIC
1614,ChrX(GRCh37):g.53440063T>C,DDD,BENIGN
1615,ChrX(GRCh37):g.53440208T>C,DDD,PATHOGENIC
1616,ChrX(GRCh37):g.53440211G>A,DDD,PATHOGENIC
1617,ChrX(GRCh37):g.53441723T>A,DDD,PATHOGENIC
1618,ChrX(GRCh37):g.53563449T>C,DDD,PATHOGENIC
1619,ChrX(GRCh37):g.53574700A>T,DDD,PATHOGENIC
1620,ChrX(GRCh37):g.53578253C>T,DDD,PATHOGENIC
1621,ChrX(GRCh37):g.53600755A>C,DDD,PATHOGENIC
1622,ChrX(GRCh37):g.53617414T>C,DDD,BENIGN
1623,ChrX(GRCh37):g.53634551T>G,DDD,BENIGN
1624,ChrX(GRCh37):g.53642747A>C,DDD,BENIGN
1625,ChrX(GRCh37):g.54040973G>A,DDD,BENIGN
1626,ChrX(GRCh37):g.54481903G>A,ACMG,PATHOGENIC
1627,ChrX(GRCh37):g.54481917A>C,ACMG,PATHOGENIC
1628,ChrX(GRCh37):g.54491916G>A,ACMG,PATHOGENIC
1629,ChrX(GRCh37):g.54491956G>A,ACMG,PATHOGENIC
1630,ChrX(GRCh37):g.54491964C>T,ACMG,PATHOGENIC
1631,ChrX(GRCh37):g.54492000A>T,ACMG,PATHOGENIC
1632,ChrX(GRCh37):g.54521591G>C,DDD,BENIGN
1633,ChrX(GRCh37):g.64137701G>A,DDD,PATHOGENIC
1634,ChrX(GRCh37):g.64137751A>G,DDD,PATHOGENIC
1635,ChrX(GRCh37):g.64141712G>T,DDD,PATHOGENIC
1636,ChrX(GRCh37):g.66905947G>A,DDD,BENIGN
1637,ChrX(GRCh37):g.67316803A>G,DDD,PATHOGENIC
1638,ChrX(GRCh37):g.67652736C>G,DDD,PATHOGENIC
1639,ChrX(GRCh37):g.68060403A>G,DDD,BENIGN
1640,ChrX(GRCh37):g.68060451A>G,DDD,BENIGN
1641,ChrX(GRCh37):g.70339264C>G,DDD,PATHOGENIC
1642,ChrX(GRCh37):g.70339624A>G,DDD,PATHOGENIC
1643,ChrX(GRCh37):g.70349262A>G,DDD,BENIGN
1644,ChrX(GRCh37):g.70349949T>A,DDD,PATHOGENIC
1645,ChrX(GRCh37):g.70352373G>A,DDD,BENIGN
1646,ChrX(GRCh37):g.70354667G>A,DDD,PATHOGENIC
1647,ChrX(GRCh37):g.70387349G>A,DDD,BENIGN
1648,ChrX(GRCh37):g.70586341T>G,DDD,BENIGN
1649,ChrX(GRCh37):g.70595092C>A,DDD,BENIGN
1650,ChrX(GRCh37):g.70608626C>T,DDD,PATHOGENIC
1651,ChrX(GRCh37):g.70627912G>A,DDD,PATHOGENIC
1652,ChrX(GRCh37):g.70643914A>G,DDD,PATHOGENIC
1653,ChrX(GRCh37):g.70674631C>T,DDD,BENIGN
1654,ChrX(GRCh37):g.70683789C>T,DDD,PATHOGENIC
1655,ChrX(GRCh37):g.71571623A>T,DDD,PATHOGENIC
1656,ChrX(GRCh37):g.71684459C>T,DDD,PATHOGENIC
1657,ChrX(GRCh37):g.71684483A>C,DDD,PATHOGENIC
1658,ChrX(GRCh37):g.71708853G>A,DDD,PATHOGENIC
1659,ChrX(GRCh37):g.71708867C>T,DDD,PATHOGENIC
1660,ChrX(GRCh37):g.71710788A>G,DDD,PATHOGENIC
1661,ChrX(GRCh37):g.71715077A>G,DDD,PATHOGENIC
1662,ChrX(GRCh37):g.71715108A>G,DDD,PATHOGENIC
1663,ChrX(GRCh37):g.71792556A>C,DDD,PATHOGENIC
1664,ChrX(GRCh37):g.73744208G>A,DDD,PATHOGENIC
1665,ChrX(GRCh37):g.73959986C>T,DDD,PATHOGENIC
1666,ChrX(GRCh37):g.76776348G>A,DDD,BENIGN
1667,ChrX(GRCh37):g.76813089G>A,ACMG,PATHOGENIC
1668,ChrX(GRCh37):g.76814235C>T,DDD,PATHOGENIC
1669,ChrX(GRCh37):g.76829787C>T,DDD,PATHOGENIC
1670,ChrX(GRCh37):g.76829788G>A,DDD,PATHOGENIC
1671,ChrX(GRCh37):g.76874449T>C,DDD,PATHOGENIC
1672,ChrX(GRCh37):g.76888706A>G,ACMG,PATHOGENIC
1673,ChrX(GRCh37):g.76889131G>A,DDD,PATHOGENIC
1674,ChrX(GRCh37):g.76907650C>T,DDD,PATHOGENIC
1675,ChrX(GRCh37):g.76937281G>C,DDD,BENIGN
1676,ChrX(GRCh37):g.76940012G>A,DDD,PATHOGENIC
1677,ChrX(GRCh37):g.76940061C>A,DDD,BENIGN
1678,ChrX(GRCh37):g.77267157T>G,DDD,BENIGN
1679,ChrX(GRCh37):g.79932309C>T,DDD,BENIGN
1680,ChrX(GRCh37):g.79939522T>A,DDD,PATHOGENIC
1681,ChrX(GRCh37):g.79980448C>T,DDD,BENIGN
1682,ChrX(GRCh37):g.84526118A>G,DDD,BENIGN
1683,ChrX(GRCh37):g.84526764A>G,DDD,BENIGN
1684,ChrX(GRCh37):g.99596963G>A,DDD,BENIGN
1685,ChrX(GRCh37):g.99662235G>T,DDD,BENIGN
1686,ChrX(GRCh37):g.99662589A>C,DDD,PATHOGENIC
1687,ChrX(GRCh37):g.99663217G>A,DDD,PATHOGENIC
1688,ChrX(GRCh37):g.99917257T>C,DDD,BENIGN
1689,ChrX(GRCh37):g.99920544G>A,DDD,PATHOGENIC
1690,ChrX(GRCh37):g.100611042G>T,ACMG,PATHOGENIC
1691,ChrX(GRCh37):g.108902726A>C,DDD,PATHOGENIC
1692,ChrX(GRCh37):g.109937531T>C,DDD,BENIGN
1693,ChrX(GRCh37):g.110366369C>T,DDD,BENIGN
1694,ChrX(GRCh37):g.110644336C>T,ACMG,PATHOGENIC
1695,ChrX(GRCh37):g.110928268A>G,DDD,PATHOGENIC
1696,ChrX(GRCh37):g.110963382G>C,DDD,BENIGN
1697,ChrX(GRCh37):g.110971477A>G,DDD,BENIGN
1698,ChrX(GRCh37):g.118715550C>T,DDD,PATHOGENIC
1699,ChrX(GRCh37):g.118717136C>T,DDD,PATHOGENIC
1700,ChrX(GRCh37):g.119693941T>C,DDD,BENIGN
1701,ChrX(GRCh37):g.128699758T>G,DDD,PATHOGENIC
1702,ChrX(GRCh37):g.128957700G>A,DDD,PATHOGENIC
1703,ChrX(GRCh37):g.130412710G>A,DDD,BENIGN
1704,ChrX(GRCh37):g.131216472T>C,DDD,PATHOGENIC
1705,ChrX(GRCh37):g.132887582A>G,DDD,BENIGN
1706,ChrX(GRCh37):g.133547953A>G,DDD,PATHOGENIC
1707,ChrX(GRCh37):g.133549128A>G,ACMG,PATHOGENIC
1708,ChrX(GRCh37):g.135098846T>C,DDD,PATHOGENIC
1709,ChrX(GRCh37):g.136649839G>C,ACMG,PATHOGENIC
1710,ChrX(GRCh37):g.139586876G>C,DDD,BENIGN
1711,ChrX(GRCh37):g.147010283T>C,DDD,BENIGN
1712,ChrX(GRCh37):g.147743597G>C,DDD,BENIGN
1713,ChrX(GRCh37):g.147743603A>C,DDD,BENIGN
1714,ChrX(GRCh37):g.148579771G>C,DDD,BENIGN
1715,ChrX(GRCh37):g.148585769C>T,DDD,BENIGN
1716,ChrX(GRCh37):g.149638993C>T,DDD,BENIGN
1717,ChrX(GRCh37):g.149639436C>T,DDD,BENIGN
1718,ChrX(GRCh37):g.149680406A>G,DDD,BENIGN
1719,ChrX(GRCh37):g.149767127C>T,ACMG,PATHOGENIC
1720,ChrX(GRCh37):g.149818202G>C,ACMG,PATHOGENIC
1721,ChrX(GRCh37):g.152036162A>G,DDD,BENIGN
1722,ChrX(GRCh37):g.152955868G>A,DDD,PATHOGENIC
1723,ChrX(GRCh37):g.152959802G>A,DDD,PATHOGENIC
1724,ChrX(GRCh37):g.152991575G>A,DDD,BENIGN
1725,ChrX(GRCh37):g.152991617A>G,DDD,BENIGN
1726,ChrX(GRCh37):g.153006093A>G,Amish,BENIGN
1727,ChrX(GRCh37):g.153132309G>T,DDD,BENIGN
1728,ChrX(GRCh37):g.153134145G>A,DDD,PATHOGENIC
1729,ChrX(GRCh37):g.153141272T>C,DDD,BENIGN
1730,ChrX(GRCh37):g.153197526A>T,DDD,PATHOGENIC
1731,ChrX(GRCh37):g.153197551T>G,DDD,PATHOGENIC
1732,ChrX(GRCh37):g.153197563C>G,DDD,PATHOGENIC
1733,ChrX(GRCh37):g.153197863G>A,DDD,PATHOGENIC
1734,ChrX(GRCh37):g.153197865C>T,DDD,PATHOGENIC
1735,ChrX(GRCh37):g.153215855A>G,DDD,PATHOGENIC
1736,ChrX(GRCh37):g.153216268C>T,DDD,BENIGN
1737,ChrX(GRCh37):g.153222373G>A,DDD,PATHOGENIC
1738,ChrX(GRCh37):g.153222794G>A,DDD,BENIGN
1739,ChrX(GRCh37):g.153222831G>A,DDD,BENIGN
1740,ChrX(GRCh37):g.153225531G>A,DDD,BENIGN
1741,ChrX(GRCh37):g.153225545C>G,DDD,PATHOGENIC
1742,ChrX(GRCh37):g.153296177G>A,DDD,BENIGN
1743,ChrX(GRCh37):g.153296354G>A,DDD,PATHOGENIC
1744,ChrX(GRCh37):g.153296363G>A,DDD,PATHOGENIC
1745,ChrX(GRCh37):g.153296530C>T,DDD,BENIGN
1746,ChrX(GRCh37):g.153296806G>A,DDD,PATHOGENIC
1747,ChrX(GRCh37):g.153296824G>C,DDD,PATHOGENIC
1748,ChrX(GRCh37):g.153296882G>A,DDD,PATHOGENIC
1749,ChrX(GRCh37):g.153577315C>T,DDD,BENIGN
1750,ChrX(GRCh37):g.153579375A>G,DDD,PATHOGENIC
1751,ChrX(GRCh37):g.153588696G>A,DDD,PATHOGENIC
1752,ChrX(GRCh37):g.153593016G>A,DDD,BENIGN
1753,ChrX(GRCh37):g.153596246G>A,DDD,PATHOGENIC
1754,ChrX(GRCh37):g.153761811C>G,ACMG,PATHOGENIC
1755,ChrX(GRCh37):g.153997488A>G,DDD,PATHOGENIC
1756,ChrX(GRCh37):g.154185348G>A,ACMG,PATHOGENIC
